input  : /home/lichenxu/java_exception/java_exception/data/1594_input_data.json
output : /home/lichenxu/java_exception/java_exception/baselines/Neurex/neurex_raw_output.json
ckpt   : /home/lichenxu/java_exception/java_exception/baselines/Neurex/checkpoint-30768
device : cpu
thresh : 0.5
Loading weights:   0%|          | 0/203 [00:00<?, ?it/s]Loading weights: 100%|██████████| 203/203 [00:00<00:00, 10954.29it/s]
samples: 1594
[1/1594] OK   readITPDconf(List<String>) in Gedsh/InviZible  (1 written, 0 failed, 0s)
[2/1594] OK   readPublicResolversMd(String,List<String>) in Gedsh/InviZible  (2 written, 0 failed, 1s)
[3/1594] OK   OnFileOperationComplete(FileOperationsVariants,boolean,String,String,List<String>) in Gedsh/InviZible  (3 written, 0 failed, 1s)
[4/1594] OK   getGuiScale(int,int,int) in FCL-Team/FoldCraftLauncher  (4 written, 0 failed, 1s)
[5/1594] OK   load(String) in FCL-Team/FoldCraftLauncher  (5 written, 0 failed, 1s)
[6/1594] OK   applyBackground(Context,View,String,String) in FCL-Team/FoldCraftLauncher  (6 written, 0 failed, 1s)
[7/1594] OK   unregisterEvent(View) in FCL-Team/FoldCraftLauncher  (7 written, 0 failed, 1s)
[8/1594] OK   eventProperty() in FCL-Team/FoldCraftLauncher  (8 written, 0 failed, 1s)
[9/1594] OK   clone() in FCL-Team/FoldCraftLauncher  (9 written, 0 failed, 1s)
[10/1594] OK   textProperty() in FCL-Team/FoldCraftLauncher  (10 written, 0 failed, 2s)
[11/1594] OK   getType() in FCL-Team/FoldCraftLauncher  (11 written, 0 failed, 2s)
[12/1594] OK   toConfiguration(Map<String,Object>) in flyway/flyway  (12 written, 0 failed, 2s)
[13/1594] OK   loadConfigurationFromCommandlineArgs(Map<String,String>) in flyway/flyway  (13 written, 0 failed, 2s)
[14/1594] OK   loadConfigurationFiles(List<File>,String) in flyway/flyway  (14 written, 0 failed, 2s)
[15/1594] OK   toConfiguration(Map<String,Object>) in flyway/flyway  (15 written, 0 failed, 2s)
[16/1594] OK   loadConfigurationFile(File,String) in flyway/flyway  (16 written, 0 failed, 2s)
[17/1594] OK   unflattenMap(Map<String,String>) in flyway/flyway  (17 written, 0 failed, 2s)
[18/1594] OK   refreshCache() in flyway/flyway  (18 written, 0 failed, 2s)
[19/1594] OK   filterMigrations(List<AppliedMigration>,MigrationPattern[]) in flyway/flyway  (19 written, 0 failed, 2s)
[20/1594] OK   delete(AppliedMigration) in flyway/flyway  (20 written, 0 failed, 3s)
[21/1594] OK   create() in flyway/flyway  (21 written, 0 failed, 3s)
[22/1594] OK   DbSchemas(Connection,Schema[],MetaDataTable) in flyway/flyway  (22 written, 0 failed, 3s)
[23/1594] OK   getIntProperty(Properties,String,int) in flyway/flyway  (23 written, 0 failed, 3s)
[24/1594] OK   PropertiesUtils() in flyway/flyway  (24 written, 0 failed, 3s)
[25/1594] OK   unescape(String) in flyway/flyway  (25 written, 0 failed, 3s)
[26/1594] OK   getBaseDir() in flyway/flyway  (26 written, 0 failed, 3s)
[27/1594] OK   setJavaEnvironment(Activity) in PojavLauncherTeam/PojavLauncher  (27 written, 0 failed, 3s)
[28/1594] OK   lastFileModified(String) in PojavLauncherTeam/PojavLauncher  (28 written, 0 failed, 3s)
[29/1594] OK   showError(Context,Throwable) in PojavLauncherTeam/PojavLauncher  (29 written, 0 failed, 3s)
[30/1594] OK   getCacioJavaArgs(List<String>,boolean) in PojavLauncherTeam/PojavLauncher  (30 written, 0 failed, 4s)
[31/1594] OK   init(Context) in PojavLauncherTeam/PojavLauncher  (31 written, 0 failed, 4s)
[32/1594] OK   setFileSelectedListener(FileSelectedListener) in PojavLauncherTeam/PojavLauncher  (32 written, 0 failed, 4s)
[33/1594] OK   glfwDestroyWindow(long) in PojavLauncherTeam/PojavLauncher  (33 written, 0 failed, 4s)
[34/1594] OK   glfwSetWindowCloseCallback(long,GLFWWindowCloseCallbackI) in PojavLauncherTeam/PojavLauncher  (34 written, 0 failed, 4s)
[35/1594] OK   doInBackground(String) in PojavLauncherTeam/PojavLauncher  (35 written, 0 failed, 4s)
[36/1594] OK   doInBackground(String[]) in PojavLauncherTeam/PojavLauncher  (36 written, 0 failed, 4s)
[37/1594] OK   RefreshTokenTask(Context,RefreshListener) in PojavLauncherTeam/PojavLauncher  (37 written, 0 failed, 4s)
[38/1594] OK   setAttribute(Element,String,String) in jMonkeyEngine/jmonkeyengine  (38 written, 0 failed, 4s)
[39/1594] OK   XMLUtils() in jMonkeyEngine/jmonkeyengine  (39 written, 0 failed, 4s)
[40/1594] OK   getAttribute(int,Element,String) in jMonkeyEngine/jmonkeyengine  (40 written, 0 failed, 5s)
[41/1594] OK   readShaderNodeDefinition(List<Statement>,ShaderNodeDefinitionKey) in jMonkeyEngine/jmonkeyengine  (41 written, 0 failed, 5s)
[42/1594] OK   checkTypes(VariableMapping,Statement) in jMonkeyEngine/jmonkeyengine  (42 written, 0 failed, 5s)
[43/1594] OK   findWorldParam(String) in jMonkeyEngine/jmonkeyengine  (43 written, 0 failed, 5s)
[44/1594] OK   testImages(Context,CommandQueue) in jMonkeyEngine/jmonkeyengine  (44 written, 0 failed, 5s)
[45/1594] OK   assertEquals(byte,byte,String) in jMonkeyEngine/jmonkeyengine  (45 written, 0 failed, 5s)
[46/1594] OK   assertEquals(long,long,String) in jMonkeyEngine/jmonkeyengine  (46 written, 0 failed, 5s)
[47/1594] OK   reloadMaterial(Material) in jMonkeyEngine/jmonkeyengine  (47 written, 0 failed, 6s)
[48/1594] OK   MaterialPreviewRenderer(JLabel) in jMonkeyEngine/jmonkeyengine  (48 written, 0 failed, 6s)
[49/1594] OK   previewCreated(PreviewRequest) in jMonkeyEngine/jmonkeyengine  (49 written, 0 failed, 6s)
[50/1594] OK   updateLookupWithMaterialData(MatDefDataObject) in jMonkeyEngine/jmonkeyengine  (50 written, 0 failed, 6s)
[51/1594] OK   EditableMatDefFile(Lookup) in jMonkeyEngine/jmonkeyengine  (51 written, 0 failed, 6s)
[52/1594] OK   applyChange() in jMonkeyEngine/jmonkeyengine  (52 written, 0 failed, 6s)
[53/1594] OK   getToolbarRepresentation() in jMonkeyEngine/jmonkeyengine  (53 written, 0 failed, 6s)
[54/1594] OK   getTechnique(MatDefBlock) in jMonkeyEngine/jmonkeyengine  (54 written, 0 failed, 6s)
[55/1594] OK   publish(LogRecord) in jMonkeyEngine/jmonkeyengine  (55 written, 0 failed, 6s)
[56/1594] OK   initialize() in jMonkeyEngine/jmonkeyengine  (56 written, 0 failed, 7s)
[57/1594] OK   bindProgram(Shader) in jMonkeyEngine/jmonkeyengine  (57 written, 0 failed, 7s)
[58/1594] OK   getCaps() in jMonkeyEngine/jmonkeyengine  (58 written, 0 failed, 7s)
[59/1594] OK   updateLevelToolParams() in jMonkeyEngine/jmonkeyengine  (59 written, 0 failed, 7s)
[60/1594] OK   setAddNormalTextureEnabled(boolean) in jMonkeyEngine/jmonkeyengine  (60 written, 0 failed, 7s)
[61/1594] OK   skipLine() in jMonkeyEngine/jmonkeyengine  (61 written, 0 failed, 7s)
[62/1594] OK   resetMaterial() in jMonkeyEngine/jmonkeyengine  (62 written, 0 failed, 7s)
[63/1594] OK   readLine() in jMonkeyEngine/jmonkeyengine  (63 written, 0 failed, 7s)
[64/1594] OK   nextStatement() in jMonkeyEngine/jmonkeyengine  (64 written, 0 failed, 7s)
[65/1594] OK   hashCode() in jMonkeyEngine/jmonkeyengine  (65 written, 0 failed, 7s)
[66/1594] OK   addWorldParam(String) in jMonkeyEngine/jmonkeyengine  (66 written, 0 failed, 7s)
[67/1594] OK   getShaderLanguage() in jMonkeyEngine/jmonkeyengine  (67 written, 0 failed, 7s)
[68/1594] OK   read(JmeImporter) in jMonkeyEngine/jmonkeyengine  (68 written, 0 failed, 7s)
[69/1594] OK   start() in Anuken/Mindustry  (69 written, 0 failed, 7s)
[70/1594] OK   stop() in Anuken/Mindustry  (70 written, 0 failed, 7s)
[71/1594] OK   text() in Anuken/Mindustry  (71 written, 0 failed, 8s)
[72/1594] OK   eachRunning(Cons) in Anuken/Mindustry  (72 written, 0 failed, 8s)
[73/1594] OK   ShapeTextMarker(String,float,float,float,float,float) in Anuken/Mindustry  (73 written, 0 failed, 8s)
[74/1594] OK   displayBars(Table) in Anuken/Mindustry  (74 written, 0 failed, 8s)
[75/1594] OK   collision(Bullet) in Anuken/Mindustry  (75 written, 0 failed, 8s)
[76/1594] OK   drawConfigure() in Anuken/Mindustry  (76 written, 0 failed, 8s)
[77/1594] OK   generate() in Anuken/Mindustry  (77 written, 0 failed, 8s)
[78/1594] OK   generate() in Anuken/Mindustry  (78 written, 0 failed, 8s)
[79/1594] OK   launchApplication() in Anuken/Mindustry  (79 written, 0 failed, 8s)
[80/1594] OK   resetWorld() in Anuken/Mindustry  (80 written, 0 failed, 8s)
[81/1594] OK   connectClient(String,int,Runnable) in Anuken/Mindustry  (81 written, 0 failed, 8s)
[82/1594] OK   send(Object,SendMode) in Anuken/Mindustry  (82 written, 0 failed, 9s)
[83/1594] OK   onP2PSessionRequest(SteamID) in Anuken/Mindustry  (83 written, 0 failed, 9s)
[84/1594] OK   simulateItemConsumption(InputType,Item,int,String) in Anuken/Mindustry  (84 written, 0 failed, 9s)
[85/1594] OK   testItemDuration(InputType) in Anuken/Mindustry  (85 written, 0 failed, 9s)
[86/1594] OK   createGenerator(InputType) in Anuken/Mindustry  (86 written, 0 failed, 9s)
[87/1594] OK   process(Set<? extends TypeElement>,RoundEnvironment) in Anuken/Mindustry  (87 written, 0 failed, 9s)
[88/1594] OK   typeSize(TypeKind) in Anuken/Mindustry  (88 written, 0 failed, 9s)
[89/1594] OK   init(ProcessingEnvironment) in Anuken/Mindustry  (89 written, 0 failed, 9s)
[90/1594] OK   registerCommands() in Anuken/Mindustry  (90 written, 0 failed, 10s)
[91/1594] OK   play(boolean,Runnable) in Anuken/Mindustry  (91 written, 0 failed, 10s)
[92/1594] OK   load(FileHandle) in Anuken/Mindustry  (92 written, 0 failed, 10s)
[93/1594] OK   getData(int) in Anuken/Mindustry  (93 written, 0 failed, 10s)
[94/1594] OK   drawLayer(Tile) in Anuken/Mindustry  (94 written, 0 failed, 10s)
[95/1594] OK   canReplace(Block) in Anuken/Mindustry  (95 written, 0 failed, 10s)
[96/1594] OK   packItem(Item,float,float,byte) in Anuken/Mindustry  (96 written, 0 failed, 10s)
[97/1594] OK   registerCommands() in Anuken/Mindustry  (97 written, 0 failed, 10s)
[98/1594] OK   info(String,Object[]) in Anuken/Mindustry  (98 written, 0 failed, 10s)
[99/1594] OK   print(String,Object[]) in Anuken/Mindustry  (99 written, 0 failed, 10s)
[100/1594] OK   handleItem(Item,Tile,Tile) in Anuken/Mindustry  (100 written, 0 failed, 11s)
[101/1594] OK   TunnelConveyor(String) in Anuken/Mindustry  (101 written, 0 failed, 11s)
[102/1594] OK   getOther(Tile,int,int) in Anuken/Mindustry  (102 written, 0 failed, 11s)
[103/1594] OK   update() in Anuken/Mindustry  (103 written, 0 failed, 11s)
[104/1594] OK   indexOf(Tile,Tile[]) in Anuken/Mindustry  (104 written, 0 failed, 11s)
[105/1594] OK   onLine(Vector2,float,float,float,float) in Anuken/Mindustry  (105 written, 0 failed, 11s)
[106/1594] OK   updateSafeAreaInsets() in libgdx/libgdx  (106 written, 0 failed, 11s)
[107/1594] OK   AndroidGraphics(AndroidApplicationBase,AndroidApplicationConfiguration,ResolutionStrategy) in libgdx/libgdx  (107 written, 0 failed, 11s)
[108/1594] OK   resume() in libgdx/libgdx  (108 written, 0 failed, 11s)
[109/1594] OK   setHaltOnShutdown(boolean) in libgdx/libgdx  (109 written, 0 failed, 11s)
[110/1594] OK   updateSize(int,int) in libgdx/libgdx  (110 written, 0 failed, 11s)
[111/1594] OK   LwjglFrame(ApplicationListener,LwjglApplicationConfiguration,GraphicsConfiguration) in libgdx/libgdx  (111 written, 0 failed, 11s)
[112/1594] OK   addController(int,boolean) in libgdx/libgdx  (112 written, 0 failed, 11s)
[113/1594] OK   removeController(int) in libgdx/libgdx  (113 written, 0 failed, 11s)
[114/1594] OK   act(float) in libgdx/libgdx  (114 written, 0 failed, 11s)
[115/1594] OK   getOriginX() in libgdx/libgdx  (115 written, 0 failed, 11s)
[116/1594] OK   sizeBy(float) in libgdx/libgdx  (116 written, 0 failed, 12s)
[117/1594] OK   notify(Event,boolean) in libgdx/libgdx  (117 written, 0 failed, 12s)
[118/1594] OK   ancestorsVisible() in libgdx/libgdx  (118 written, 0 failed, 12s)
[119/1594] OK   scaleBy(float) in libgdx/libgdx  (119 written, 0 failed, 12s)
[120/1594] OK   parse(char[],int,int) in libgdx/libgdx  (120 written, 0 failed, 12s)
[121/1594] OK   startArray(String) in libgdx/libgdx  (121 written, 0 failed, 12s)
[122/1594] OK   init__json_range_lengths_0() in libgdx/libgdx  (122 written, 0 failed, 12s)
[123/1594] OK   extractFile(String,String) in libgdx/libgdx  (123 written, 0 failed, 12s)
[124/1594] OK   crc(InputStream) in libgdx/libgdx  (124 written, 0 failed, 13s)
[125/1594] OK   readFile(String) in libgdx/libgdx  (125 written, 0 failed, 13s)
[126/1594] OK   calculatePixelDensity() in libgdx/libgdx  (126 written, 0 failed, 13s)
[127/1594] OK   toWidth(TextureRegion) in libgdx/libgdx  (127 written, 0 failed, 13s)
[128/1594] OK   playSound(Sound) in libgdx/libgdx  (128 written, 0 failed, 13s)
[129/1594] OK   load(BufferedReader) in libgdx/libgdx  (129 written, 0 failed, 13s)
[130/1594] OK   setActive(boolean) in libgdx/libgdx  (130 written, 0 failed, 13s)
[131/1594] OK   getWind() in libgdx/libgdx  (131 written, 0 failed, 13s)
[132/1594] OK   startElement(String,String,String,Attributes) in kermitt2/grobid  (132 written, 0 failed, 13s)
[133/1594] OK   endElement(String,String,String) in kermitt2/grobid  (133 written, 0 failed, 14s)
[134/1594] OK   methodLogIn() in kermitt2/grobid  (134 written, 0 failed, 14s)
[135/1594] OK   ForIndex(int,Object) in raphw/byte-buddy  (135 written, 0 failed, 14s)
[136/1594] OK   execute(TaskExecutionGraph) in raphw/byte-buddy  (136 written, 0 failed, 14s)
[137/1594] OK   TaskExecutionGraphAdjustmentAction(Project,String,Adjustment,Task,Task) in raphw/byte-buddy  (137 written, 0 failed, 14s)
[138/1594] OK   configureDirectories(SourceDirectorySet,JavaCompile,T) in raphw/byte-buddy  (138 written, 0 failed, 14s)
[139/1594] OK   injectRaw(Map<? extends String,byte[]>) in raphw/byte-buddy  (139 written, 0 failed, 14s)
[140/1594] OK   inject(Map<? extends TypeDescription,byte[]>) in raphw/byte-buddy  (140 written, 0 failed, 14s)
[141/1594] OK   doConnect(File) in raphw/byte-buddy  (141 written, 0 failed, 14s)
[142/1594] OK   run() in raphw/byte-buddy  (142 written, 0 failed, 14s)
[143/1594] OK   visitEnd() in raphw/byte-buddy  (143 written, 0 failed, 15s)
[144/1594] OK   visitFieldInsn(int,String,String,String) in raphw/byte-buddy  (144 written, 0 failed, 15s)
[145/1594] OK   visitField(int,String,String,String,Object) in raphw/byte-buddy  (145 written, 0 failed, 15s)
[146/1594] OK   processClassFile(File,String,ByteBuddy,EntryPoint,MethodNameTransformer,ClassFileLocator,TypePool,List<Plugin>) in raphw/byte-buddy  (146 written, 0 failed, 15s)
[147/1594] OK   processDirectory(File,File,ByteBuddy,EntryPoint,MethodNameTransformer,ClassFileLocator,TypePool,List<Plugin>) in raphw/byte-buddy  (147 written, 0 failed, 15s)
[148/1594] OK   execute(Task) in raphw/byte-buddy  (148 written, 0 failed, 15s)
[149/1594] OK   translateFrame(MethodVisitor,TranslationMode,MethodDescription,TypeList,int,int,Object[],int,Object[]) in raphw/byte-buddy  (149 written, 0 failed, 15s)
[150/1594] OK   equals(Object) in raphw/byte-buddy  (150 written, 0 failed, 16s)
[151/1594] OK   onLoad(Class<?>) in raphw/byte-buddy  (151 written, 0 failed, 16s)
[152/1594] OK   encounter(RandomNumberGenerator,String,Encounter) in synthetichealth/synthea  (152 written, 0 failed, 16s)
[153/1594] OK   write(String,OutputStreamWriter) in synthetichealth/synthea  (153 written, 0 failed, 16s)
[154/1594] OK   clean(String) in synthetichealth/synthea  (154 written, 0 failed, 16s)
[155/1594] OK   getVitalSign(VitalSign,long) in synthetichealth/synthea  (155 written, 0 failed, 16s)
[156/1594] OK   getPreviousPayerAtAge(int) in synthetichealth/synthea  (156 written, 0 failed, 16s)
[157/1594] OK   getQalys() in synthetichealth/synthea  (157 written, 0 failed, 16s)
[158/1594] OK   getVinAndVout(String) in bisq-network/bisq  (158 written, 0 failed, 16s)
[159/1594] OK   parseJsonValidateTx() in bisq-network/bisq  (159 written, 0 failed, 16s)
[160/1594] OK   TxValidator(DaoStateService,String,FilterManager) in bisq-network/bisq  (160 written, 0 failed, 17s)
[161/1594] OK   isSignWitnessTrade(Trade) in bisq-network/bisq  (161 written, 0 failed, 17s)
[162/1594] OK   verifySignature(PublicKey,byte[],byte[],ErrorMessageHandler) in bisq-network/bisq  (162 written, 0 failed, 17s)
[163/1594] OK   checkForCompletion() in bisq-network/bisq  (163 written, 0 failed, 17s)
[164/1594] OK   cleanup() in bisq-network/bisq  (164 written, 0 failed, 17s)
[165/1594] OK   isBsqTradeFee(Tradable) in bisq-network/bisq  (165 written, 0 failed, 17s)
[166/1594] OK   getTradableById(String) in bisq-network/bisq  (166 written, 0 failed, 17s)
[167/1594] OK   getTradeModelStream() in bisq-network/bisq  (167 written, 0 failed, 17s)
[168/1594] OK   isBsqTradeFee(Tradable) in bisq-network/bisq  (168 written, 0 failed, 17s)
[169/1594] OK   getObservableList() in bisq-network/bisq  (169 written, 0 failed, 17s)
[170/1594] OK   ClosedTradableManager(KeyRing,PriceFeedService,BsqSwapTradeManager,BsqWalletService,Preferences,TradeStatisticsManager,PersistenceManager<TradableList<Tradable>>,CleanupMailboxMessagesService,DumpDelayedPayoutTx) in bisq-network/bisq  (170 written, 0 failed, 17s)
[171/1594] OK   refreshTTL(RefreshOfferMessage,NodeAddress) in bisq-network/bisq  (171 written, 0 failed, 17s)
[172/1594] OK   shouldTransmitPayloadToPeer(Capabilities,NetworkPayload) in bisq-network/bisq  (172 written, 0 failed, 17s)
[173/1594] OK   removeFromMapAndDataStore(ProtectedStorageEntry,ByteArray) in bisq-network/bisq  (173 written, 0 failed, 18s)
[174/1594] OK   init() in bisq-network/bisq  (174 written, 0 failed, 18s)
[175/1594] OK   setSingleTradeCurrency(TradeCurrency) in bisq-network/bisq  (175 written, 0 failed, 18s)
[176/1594] OK   isForHelp() in bisq-network/bisq  (176 written, 0 failed, 18s)
[177/1594] OK   AbstractMethodOptionParser(String[]) in bisq-network/bisq  (177 written, 0 failed, 18s)
[178/1594] OK   getPaymentAccounts(GetPaymentAccountsRequest,StreamObserver<GetPaymentAccountsReply>) in bisq-network/bisq  (178 written, 0 failed, 18s)
[179/1594] OK   createPaymentAccount(CreatePaymentAccountRequest,StreamObserver) in bisq-network/bisq  (179 written, 0 failed, 18s)
[180/1594] OK   getPaymentAccountForm(GetPaymentAccountFormRequest,StreamObserver) in bisq-network/bisq  (180 written, 0 failed, 18s)
[181/1594] OK   getPaymentAccountForm(GetPaymentAccountFormRequest,StreamObserver<GetPaymentAccountFormReply>) in bisq-network/bisq  (181 written, 0 failed, 18s)
[182/1594] OK   getPaymentAccounts(GetPaymentAccountsRequest,StreamObserver) in bisq-network/bisq  (182 written, 0 failed, 18s)
[183/1594] OK   createPaymentAccount(CreatePaymentAccountRequest,StreamObserver<CreatePaymentAccountReply>) in bisq-network/bisq  (183 written, 0 failed, 18s)
[184/1594] OK   GrpcPaymentAccountsService(CoreApi) in bisq-network/bisq  (184 written, 0 failed, 18s)
[185/1594] OK   main(String[]) in bisq-network/bisq  (185 written, 0 failed, 18s)
[186/1594] OK   printHelp(OptionParser,PrintStream) in bisq-network/bisq  (186 written, 0 failed, 18s)
[187/1594] OK   shutdown(ManagedChannel) in bisq-network/bisq  (187 written, 0 failed, 18s)
[188/1594] OK   main(String[]) in bisq-network/bisq  (188 written, 0 failed, 19s)
[189/1594] OK   shutdown(ManagedChannel) in bisq-network/bisq  (189 written, 0 failed, 19s)
[190/1594] OK   initialize(DeterministicSeed,ResultHandler,ExceptionHandler) in bisq-network/bisq  (190 written, 0 failed, 19s)
[191/1594] OK   numPeersProperty() in bisq-network/bisq  (191 written, 0 failed, 19s)
[192/1594] OK   isBitcoinLocalhostNodeRunning() in bisq-network/bisq  (192 written, 0 failed, 19s)
[193/1594] OK   createAndConfigScene(MainView,Injector) in bisq-network/bisq  (193 written, 0 failed, 19s)
[194/1594] OK   BisqApp() in bisq-network/bisq  (194 written, 0 failed, 19s)
[195/1594] OK   showSendAlertMessagePopup(Injector) in bisq-network/bisq  (195 written, 0 failed, 19s)
[196/1594] OK   getBisqEnvironment(OptionSet) in bisq-network/bisq  (196 written, 0 failed, 19s)
[197/1594] OK   getTradeId(OpenOfferListItem) in bisq-network/bisq  (197 written, 0 failed, 19s)
[198/1594] OK   getAmount(OpenOfferListItem) in bisq-network/bisq  (198 written, 0 failed, 19s)
[199/1594] OK   isDeactivated(OpenOfferListItem) in bisq-network/bisq  (199 written, 0 failed, 19s)
[200/1594] OK   onDeactivateOpenOffer(OpenOffer,ResultHandler,ErrorMessageHandler) in bisq-network/bisq  (200 written, 0 failed, 20s)
[201/1594] OK   onActivateOpenOffer(OpenOffer) in bisq-network/bisq  (201 written, 0 failed, 20s)
[202/1594] OK   updateItem(OpenOfferListItem,boolean) in bisq-network/bisq  (202 written, 0 failed, 20s)
[203/1594] OK   processLine(int,String) in SonarSource/sonarqube  (203 written, 0 failed, 20s)
[204/1594] OK   ComputeLocationHashesVisitor(TaintChecker,SourceLinesRepository,TreeRootHolder) in SonarSource/sonarqube  (204 written, 0 failed, 20s)
[205/1594] OK   updateLocationsInComponent(Component,List<Location>) in SonarSource/sonarqube  (205 written, 0 failed, 20s)
[206/1594] OK   getAuthenticationStatusPage(HttpServletRequest,HttpServletResponse) in SonarSource/sonarqube  (206 written, 0 failed, 20s)
[207/1594] OK   initSamlAuth(HttpServletRequest,HttpServletResponse) in SonarSource/sonarqube  (207 written, 0 failed, 20s)
[208/1594] OK   getEmail(Auth) in SonarSource/sonarqube  (208 written, 0 failed, 20s)
[209/1594] OK   doFilter(ServletRequest,ServletResponse,FilterChain) in SonarSource/sonarqube  (209 written, 0 failed, 20s)
[210/1594] OK   doGetPattern() in SonarSource/sonarqube  (210 written, 0 failed, 20s)
[211/1594] OK   hardStopProcess(ProcessId) in SonarSource/sonarqube  (211 written, 0 failed, 20s)
[212/1594] OK   onProcessOperational(ProcessId) in SonarSource/sonarqube  (212 written, 0 failed, 20s)
[213/1594] OK   replaceRuleIdsByRuleKeys(Facets,List<RuleDefinitionDto>) in SonarSource/sonarqube  (213 written, 0 failed, 21s)
[214/1594] OK   completeFacets(Facets,SearchRequest,Request) in SonarSource/sonarqube  (214 written, 0 failed, 21s)
[215/1594] OK   SearchAction(UserSession,IssueIndex,IssueQueryFactory,SearchResponseLoader,SearchResponseFormat,System2,DbClient) in SonarSource/sonarqube  (215 written, 0 failed, 21s)
[216/1594] OK   setLicenseWithoutInstall(License) in SonarSource/sonarqube  (216 written, 0 failed, 21s)
[217/1594] OK   ApplyLicenseAction(UserSession,MutableEditionManagementState,EditionInstaller,WebServer) in SonarSource/sonarqube  (217 written, 0 failed, 21s)
[218/1594] OK   buildResponse() in SonarSource/sonarqube  (218 written, 0 failed, 21s)
[219/1594] OK   start() in SonarSource/sonarqube  (219 written, 0 failed, 21s)
[220/1594] OK   CommitPendingEditionOnStartup(MutableEditionManagementState) in SonarSource/sonarqube  (220 written, 0 failed, 21s)
[221/1594] OK   start(boolean) in SonarSource/sonarqube  (221 written, 0 failed, 21s)
[222/1594] OK   setEnableLoggingConfiguration(boolean) in SonarSource/sonarqube  (222 written, 0 failed, 21s)
[223/1594] OK   syncProject(String) in SonarSource/sonarqube  (223 written, 0 failed, 21s)
[224/1594] OK   executeTask(Map<String,String>,Object) in SonarSource/sonarqube  (224 written, 0 failed, 21s)
[225/1594] OK   executeTask(Map<String,String>,Object[]) in SonarSource/sonarqube  (225 written, 0 failed, 21s)
[226/1594] OK   start() in SonarSource/sonarqube  (226 written, 0 failed, 21s)
[227/1594] OK   isEnableLoggingConfiguration() in SonarSource/sonarqube  (227 written, 0 failed, 22s)
[228/1594] OK   newBuilderForType(BuilderParent) in SonarSource/sonarqube  (228 written, 0 failed, 22s)
[229/1594] OK   getLanguageBytes() in SonarSource/sonarqube  (229 written, 0 failed, 22s)
[230/1594] OK   setRuleRepository(String) in SonarSource/sonarqube  (230 written, 0 failed, 22s)
[231/1594] OK   parseFrom(byte[]) in SonarSource/sonarqube  (231 written, 0 failed, 22s)
[232/1594] OK   start() in SonarSource/sonarqube  (232 written, 0 failed, 22s)
[233/1594] OK   checkStarted() in SonarSource/sonarqube  (233 written, 0 failed, 22s)
[234/1594] OK   createTempDir() in SonarSource/sonarqube  (234 written, 0 failed, 22s)
[235/1594] OK   setUp() in SonarSource/sonarqube  (235 written, 0 failed, 22s)
[236/1594] OK   key() in SonarSource/sonarqube  (236 written, 0 failed, 22s)
[237/1594] OK   submitTask(FileSystem,BlameResult,ExecutorService,InputFile) in SonarSource/sonarqube  (237 written, 0 failed, 22s)
[238/1594] OK   SvnBlameCommand(CommandExecutor,SvnConfiguration) in SonarSource/sonarqube  (238 written, 0 failed, 22s)
[239/1594] OK   createCommandLine(File,String) in SonarSource/sonarqube  (239 written, 0 failed, 22s)
[240/1594] OK   getValueForComparison(Metric,String) in SonarSource/sonarqube  (240 written, 0 failed, 23s)
[241/1594] OK   name() in SonarSource/sonarqube  (241 written, 0 failed, 23s)
[242/1594] OK   setName(String) in SonarSource/sonarqube  (242 written, 0 failed, 23s)
[243/1594] OK   setName(String) in SonarSource/sonarqube  (243 written, 0 failed, 23s)
[244/1594] OK   repository() in SonarSource/sonarqube  (244 written, 0 failed, 23s)
[245/1594] OK   deleteResourceTree(long) in SonarSource/sonarqube  (245 written, 0 failed, 23s)
[246/1594] OK   getProfileImportersForLanguage(String) in SonarSource/sonarqube  (246 written, 0 failed, 23s)
[247/1594] OK   executeReviewCommand(String,DefaultReview,DefaultWorkflowContext,Map<String,String>) in SonarSource/sonarqube  (247 written, 0 failed, 23s)
[248/1594] OK   addHyperlinkHandlers() in magefree/mage  (248 written, 0 failed, 23s)
[249/1594] OK   append(String) in magefree/mage  (249 written, 0 failed, 23s)
[250/1594] OK   mouseExited(MouseEvent) in magefree/mage  (250 written, 0 failed, 23s)
[251/1594] OK   readLine(String,DeckCardLists) in magefree/mage  (251 written, 0 failed, 23s)
[252/1594] OK   TxtDeckImporter(boolean) in magefree/mage  (252 written, 0 failed, 23s)
[253/1594] OK   parseCardNumberAsInt(String) in magefree/mage  (253 written, 0 failed, 24s)
[254/1594] OK   increaseCost(Ability,int) in magefree/mage  (254 written, 0 failed, 24s)
[255/1594] OK   cardCanBePlayedNow(Card,UUID,Game) in magefree/mage  (255 written, 0 failed, 24s)
[256/1594] OK   apply(Game,Ability) in magefree/mage  (256 written, 0 failed, 24s)
[257/1594] OK   RollPlanarDieEffect(RollPlanarDieEffect) in magefree/mage  (257 written, 0 failed, 24s)
[258/1594] OK   RollPlanarDieEffect(List<Effect>,List<Target>,Outcome) in magefree/mage  (258 written, 0 failed, 24s)
[259/1594] OK   checkPassStep(Game) in magefree/mage  (259 written, 0 failed, 24s)
[260/1594] OK   playMana(Ability,ManaCost,String,Game) in magefree/mage  (260 written, 0 failed, 24s)
[261/1594] OK   drawArt(Graphics2D) in magefree/mage  (261 written, 0 failed, 24s)
[262/1594] OK   getBackgroundPaint(ObjectColor,Collection<CardType>) in magefree/mage  (262 written, 0 failed, 24s)
[263/1594] OK   layout(int,int) in magefree/mage  (263 written, 0 failed, 25s)
[264/1594] OK   init(Ability,Game) in magefree/mage  (264 written, 0 failed, 25s)
[265/1594] OK   BoostSourceEffect(DynamicValue,DynamicValue,Duration,boolean) in magefree/mage  (265 written, 0 failed, 25s)
[266/1594] OK   BoostSourceEffect(int,int,Duration) in magefree/mage  (266 written, 0 failed, 25s)
[267/1594] OK   triggerAbility(TriggeredAbility,Game) in magefree/mage  (267 written, 0 failed, 25s)
[268/1594] OK   untap(Game) in magefree/mage  (268 written, 0 failed, 25s)
[269/1594] OK   getInRange() in magefree/mage  (269 written, 0 failed, 25s)
[270/1594] OK   done() in magefree/mage  (270 written, 0 failed, 25s)
[271/1594] OK   showProxySettings() in magefree/mage  (271 written, 0 failed, 25s)
[272/1594] OK   initialize() in aimacode/aima-java  (272 written, 0 failed, 25s)
[273/1594] OK   createParameters() in aimacode/aima-java  (273 written, 0 failed, 26s)
[274/1594] OK   notifySetting(String,String) in aimacode/aima-java  (274 written, 0 failed, 26s)
[275/1594] OK   adjustmentValueChanged(AdjustmentEvent) in aimacode/aima-java  (275 written, 0 failed, 26s)
[276/1594] OK   generateParticles() in aimacode/aima-java  (276 written, 0 failed, 26s)
[277/1594] OK   createTask() in aimacode/aima-java  (277 written, 0 failed, 26s)
[278/1594] OK   getExecutionDelay() in aimacode/aima-java  (278 written, 0 failed, 26s)
[279/1594] OK   currentExecutionIndexProperty() in aimacode/aima-java  (279 written, 0 failed, 26s)
[280/1594] OK   generateClient(String,GeneratorInput) in OpenAPITools/openapi-generator  (280 written, 0 failed, 26s)
[281/1594] OK   clientOptions(String) in OpenAPITools/openapi-generator  (281 written, 0 failed, 26s)
[282/1594] OK   serverOptions(String) in OpenAPITools/openapi-generator  (282 written, 0 failed, 26s)
[283/1594] OK   getFieldDefinition(DataTypeMappingProvider,ApiConfiguration,NamingPolicyProvider) in OpenAPITools/openapi-generator  (283 written, 0 failed, 27s)
[284/1594] OK   getAllowedValuesString() in OpenAPITools/openapi-generator  (284 written, 0 failed, 27s)
[285/1594] OK   setName(String) in OpenAPITools/openapi-generator  (285 written, 0 failed, 27s)
[286/1594] OK   generateAPIClasses(List<Resource>,StringTemplateGroup) in OpenAPITools/openapi-generator  (286 written, 0 failed, 27s)
[287/1594] OK   writeFile(File,String,String) in OpenAPITools/openapi-generator  (287 written, 0 failed, 27s)
[288/1594] OK   getCodeGenRulesProvider() in OpenAPITools/openapi-generator  (288 written, 0 failed, 27s)
[289/1594] OK   newInstance(int,ObjList<Function>,IntList,CairoConfiguration,SqlExecutionContext) in questdb/questdb  (289 written, 0 failed, 27s)
[290/1594] OK   toPlan(PlanSink) in questdb/questdb  (290 written, 0 failed, 27s)
[291/1594] OK   hasNext() in questdb/questdb  (291 written, 0 failed, 27s)
[292/1594] OK   interpolateInt(GroupByFunction,MapValue,long,long,long,long,long) in questdb/questdb  (292 written, 0 failed, 27s)
[293/1594] OK   interpolateGap(GroupByFunction,MapValue,long,MapValue,MapValue) in questdb/questdb  (293 written, 0 failed, 27s)
[294/1594] OK   storeYFloat(GroupByFunction,MapValue,long) in questdb/questdb  (294 written, 0 failed, 27s)
[295/1594] OK   parseDateTimeFmt1(CharSequence) in questdb/questdb  (295 written, 0 failed, 28s)
[296/1594] OK   addHours(long,int) in questdb/questdb  (296 written, 0 failed, 28s)
[297/1594] OK   parseDateTime(CharSequence) in questdb/questdb  (297 written, 0 failed, 28s)
[298/1594] OK   getMonthOfYear(long,int,boolean) in questdb/questdb  (298 written, 0 failed, 28s)
[299/1594] OK   parseDateTimeFmt2(CharSequence) in questdb/questdb  (299 written, 0 failed, 28s)
[300/1594] OK   run() in questdb/questdb  (300 written, 0 failed, 28s)
[301/1594] OK   JournalServer(ServerConfig,JournalReaderFactory,AuthorizationHandler,int) in questdb/questdb  (301 written, 0 failed, 28s)
[302/1594] OK   isRunning() in questdb/questdb  (302 written, 0 failed, 28s)
[303/1594] OK   run() in killbill/killbill  (303 written, 0 failed, 28s)
[304/1594] OK   getCreatedDateBefore() in killbill/killbill  (304 written, 0 failed, 28s)
[305/1594] OK   processPaymentWithAccountLocked(PaymentPluginApi,Account,Invoice,PaymentModelDao,PaymentAttemptModelDao,boolean,InternalCallContext) in killbill/killbill  (305 written, 0 failed, 29s)
[306/1594] OK   getAccountPayments(UUID,InternalTenantContext) in killbill/killbill  (306 written, 0 failed, 29s)
[307/1594] OK   getPayment(UUID,boolean,InternalTenantContext) in killbill/killbill  (307 written, 0 failed, 29s)
[308/1594] OK   doProcessEvents() in killbill/killbill  (308 written, 0 failed, 29s)
[309/1594] OK   createNotificationQueueInternal(String,String,NotificationQueueHandler) in killbill/killbill  (309 written, 0 failed, 29s)
[310/1594] OK   doProcessEventsForQueue(MockNotificationQueue) in killbill/killbill  (310 written, 0 failed, 29s)
[311/1594] OK   getAccountByRecordId(Long,InternalTenantContext) in killbill/killbill  (311 written, 0 failed, 29s)
[312/1594] OK   getAccountByKey(String,InternalTenantContext) in killbill/killbill  (312 written, 0 failed, 29s)
[313/1594] OK   DefaultAccountInternalApi(AccountDao,AccountEmailDao) in killbill/killbill  (313 written, 0 failed, 29s)
[314/1594] OK   createTestAccount() in killbill/killbill  (314 written, 0 failed, 29s)
[315/1594] OK   setup() in killbill/killbill  (315 written, 0 failed, 29s)
[316/1594] OK   setupMySQL() in killbill/killbill  (316 written, 0 failed, 29s)
[317/1594] OK   checkStateApplied(BlockingState,OverdueState<SubscriptionBundle>) in killbill/killbill  (317 written, 0 failed, 30s)
[318/1594] OK   earliest(SortedSet<Invoice>) in killbill/killbill  (318 written, 0 failed, 30s)
[319/1594] OK   unpaidInvoicesForAccount(UUID) in killbill/killbill  (319 written, 0 failed, 30s)
[320/1594] OK   create(Account) in killbill/killbill  (320 written, 0 failed, 30s)
[321/1594] OK   setTagsFromWithinTransaction(Account,AccountSqlDao) in killbill/killbill  (321 written, 0 failed, 30s)
[322/1594] OK   inTransaction(AccountSqlDao,TransactionStatus) in killbill/killbill  (322 written, 0 failed, 30s)
[323/1594] OK   execute(SessionData,Element) in igniterealtime/Openfire  (323 written, 0 failed, 30s)
[324/1594] OK   getActions(SessionData) in igniterealtime/Openfire  (324 written, 0 failed, 30s)
[325/1594] OK   execute(SessionData,Element) in igniterealtime/Openfire  (325 written, 0 failed, 30s)
[326/1594] OK   addStageInformation(SessionData,Element) in igniterealtime/Openfire  (326 written, 0 failed, 30s)
[327/1594] OK   getCode() in igniterealtime/Openfire  (327 written, 0 failed, 30s)
[328/1594] OK   getLocalizedString(String,Locale) in igniterealtime/Openfire  (328 written, 0 failed, 31s)
[329/1594] OK   getLocalizedNumber(long) in igniterealtime/Openfire  (329 written, 0 failed, 31s)
[330/1594] OK   getResourceBundle(String,Locale) in igniterealtime/Openfire  (330 written, 0 failed, 31s)
[331/1594] OK   hasIllegalCharacterReferences(String) in igniterealtime/Openfire  (331 written, 0 failed, 31s)
[332/1594] OK   invalidateBuffer() in igniterealtime/Openfire  (332 written, 0 failed, 31s)
[333/1594] OK   execute(SessionData,Element) in igniterealtime/Openfire  (333 written, 0 failed, 31s)
[334/1594] OK   getCode() in igniterealtime/Openfire  (334 written, 0 failed, 31s)
[335/1594] OK   getActions(SessionData) in igniterealtime/Openfire  (335 written, 0 failed, 31s)
[336/1594] OK   execute(SessionData,Element) in igniterealtime/Openfire  (336 written, 0 failed, 31s)
[337/1594] OK   getMaxStages(SessionData) in igniterealtime/Openfire  (337 written, 0 failed, 31s)
[338/1594] OK   addStageInformation(SessionData,Element) in igniterealtime/Openfire  (338 written, 0 failed, 31s)
[339/1594] OK   checkNotNull(Object,String) in igniterealtime/Openfire  (339 written, 0 failed, 31s)
[340/1594] OK   setName(String) in igniterealtime/Openfire  (340 written, 0 failed, 31s)
[341/1594] OK   getCacheHits() in igniterealtime/Openfire  (341 written, 0 failed, 32s)
[342/1594] OK   ReadListenerImpl(AsyncContext) in igniterealtime/Openfire  (342 written, 0 failed, 32s)
[343/1594] OK   destroy() in igniterealtime/Openfire  (343 written, 0 failed, 32s)
[344/1594] OK   doPost(HttpServletRequest,HttpServletResponse) in igniterealtime/Openfire  (344 written, 0 failed, 32s)
[345/1594] OK   doGet(HttpServletRequest,HttpServletResponse) in igniterealtime/Openfire  (345 written, 0 failed, 32s)
[346/1594] OK   evaluateResponse(byte[]) in igniterealtime/Openfire  (346 written, 0 failed, 32s)
[347/1594] OK   getMechanismName() in igniterealtime/Openfire  (347 written, 0 failed, 32s)
[348/1594] OK   generateServerFirstMessage(byte[]) in igniterealtime/Openfire  (348 written, 0 failed, 32s)
[349/1594] OK   getAddress() in igniterealtime/Openfire  (349 written, 0 failed, 32s)
[350/1594] OK   removeCloseListener(ConnectionCloseListener) in igniterealtime/Openfire  (350 written, 0 failed, 32s)
[351/1594] OK   isFlashClient() in igniterealtime/Openfire  (351 written, 0 failed, 32s)
[352/1594] OK   getHostName() in igniterealtime/Openfire  (352 written, 0 failed, 32s)
[353/1594] OK   startTLS(boolean,String,ClientAuth) in igniterealtime/Openfire  (353 written, 0 failed, 33s)
[354/1594] OK   setXMPPVersion(int,int) in igniterealtime/Openfire  (354 written, 0 failed, 33s)
[355/1594] OK   getMinorXMPPVersion() in igniterealtime/Openfire  (355 written, 0 failed, 33s)
[356/1594] OK   deliver(Packet) in igniterealtime/Openfire  (356 written, 0 failed, 33s)
[357/1594] OK   getLocalizedString(String) in igniterealtime/Openfire  (357 written, 0 failed, 33s)
[358/1594] OK   getI18nFile(String) in igniterealtime/Openfire  (358 written, 0 failed, 33s)
[359/1594] OK   getLocalizedString(String,String,List,Locale,boolean) in igniterealtime/Openfire  (359 written, 0 failed, 33s)
[360/1594] OK   run() in igniterealtime/Openfire  (360 written, 0 failed, 34s)
[361/1594] OK   StatCollector(int) in igniterealtime/Openfire  (361 written, 0 failed, 34s)
[362/1594] OK   stop() in igniterealtime/Openfire  (362 written, 0 failed, 34s)
[363/1594] OK   interceptPacket(Packet,Session,boolean,boolean) in igniterealtime/Openfire  (363 written, 0 failed, 34s)
[364/1594] OK   removeTransport(String) in igniterealtime/Openfire  (364 written, 0 failed, 34s)
[365/1594] OK   interceptPacket(Packet,Session,boolean,boolean) in igniterealtime/Openfire  (365 written, 0 failed, 34s)
[366/1594] OK   StatisticPackageInterceptor(String) in igniterealtime/Openfire  (366 written, 0 failed, 34s)
[367/1594] OK   initializeSettings() in igniterealtime/Openfire  (367 written, 0 failed, 34s)
[368/1594] OK   addExtraIdentity(String,String,String) in igniterealtime/Openfire  (368 written, 0 failed, 34s)
[369/1594] OK   run() in igniterealtime/Openfire  (369 written, 0 failed, 34s)
[370/1594] OK   getHostAddress() in igniterealtime/Openfire  (370 written, 0 failed, 35s)
[371/1594] OK   getStatus() in igniterealtime/Openfire  (371 written, 0 failed, 35s)
[372/1594] OK   RemoteSession(byte[],JID) in igniterealtime/Openfire  (372 written, 0 failed, 35s)
[373/1594] OK   getSubjectAlternativeNames(X509Certificate) in igniterealtime/Openfire  (373 written, 0 failed, 35s)
[374/1594] OK   establishCertChain(KeyStore,KeyStore,X509Certificate,X509Certificate,boolean) in igniterealtime/Openfire  (374 written, 0 failed, 35s)
[375/1594] OK   installCert(KeyStore,KeyStore,String,String,InputStream,String,InputStream,boolean,boolean) in igniterealtime/Openfire  (375 written, 0 failed, 35s)
[376/1594] OK   handleIQ(IQ) in igniterealtime/Openfire  (376 written, 0 failed, 36s)
[377/1594] OK   createSubscriptionToPEPService(PEPService,JID,JID) in igniterealtime/Openfire  (377 written, 0 failed, 36s)
[378/1594] OK   getUserItems(String,JID) in igniterealtime/Openfire  (378 written, 0 failed, 36s)
[379/1594] OK   retrieveList(String,String,int,int,String) in igniterealtime/Openfire  (379 written, 0 failed, 36s)
[380/1594] OK   values() in igniterealtime/Openfire  (380 written, 0 failed, 36s)
[381/1594] OK   setNameField(String) in igniterealtime/Openfire  (381 written, 0 failed, 36s)
[382/1594] OK   retrieveListCount(String,String) in igniterealtime/Openfire  (382 written, 0 failed, 37s)
[383/1594] OK   setSubTreeSearch(boolean) in igniterealtime/Openfire  (383 written, 0 failed, 37s)
[384/1594] OK   findGroupDN(String,String) in igniterealtime/Openfire  (384 written, 0 failed, 37s)
[385/1594] OK   getShow() in igniterealtime/Openfire  (385 written, 0 failed, 37s)
[386/1594] OK   getPriority() in igniterealtime/Openfire  (386 written, 0 failed, 37s)
[387/1594] OK   Presence(Element) in igniterealtime/Openfire  (387 written, 0 failed, 37s)
[388/1594] OK   getShow() in igniterealtime/Openfire  (388 written, 0 failed, 37s)
[389/1594] OK   getStatus() in igniterealtime/Openfire  (389 written, 0 failed, 37s)
[390/1594] OK   addChildElement(String,String) in igniterealtime/Openfire  (390 written, 0 failed, 38s)
[391/1594] OK   execute(SessionData,Element) in igniterealtime/Openfire  (391 written, 0 failed, 38s)
[392/1594] OK   getMaxStages(SessionData) in igniterealtime/Openfire  (392 written, 0 failed, 38s)
[393/1594] OK   addStageInformation(SessionData,Element) in igniterealtime/Openfire  (393 written, 0 failed, 38s)
[394/1594] OK   updateStatus(PresenceType,String) in igniterealtime/Openfire  (394 written, 0 failed, 38s)
[395/1594] OK   sendServerMessage(String) in igniterealtime/Openfire  (395 written, 0 failed, 38s)
[396/1594] OK   storeFriend(MsnContact) in igniterealtime/Openfire  (396 written, 0 failed, 38s)
[397/1594] OK   updateStatus(PresenceType,String) in igniterealtime/Openfire  (397 written, 0 failed, 38s)
[398/1594] OK   syncContactGroups(Email,List<String>) in igniterealtime/Openfire  (398 written, 0 failed, 38s)
[399/1594] OK   addContact(RosterItem) in igniterealtime/Openfire  (399 written, 0 failed, 38s)
[400/1594] OK   createUser(String,String,String,String) in igniterealtime/Openfire  (400 written, 0 failed, 39s)
[401/1594] OK   getPassword(String) in igniterealtime/Openfire  (401 written, 0 failed, 39s)
[402/1594] OK   setCreationDate(String,Date) in igniterealtime/Openfire  (402 written, 0 failed, 39s)
[403/1594] OK   getLocalizedString(String,String,List) in igniterealtime/Openfire  (403 written, 0 failed, 39s)
[404/1594] OK   getTimeZoneList() in igniterealtime/Openfire  (404 written, 0 failed, 39s)
[405/1594] OK   getTimeZoneName(String,Locale) in igniterealtime/Openfire  (405 written, 0 failed, 40s)
[406/1594] OK   setGroups(List<String>) in igniterealtime/Openfire  (406 written, 0 failed, 40s)
[407/1594] OK   isShared() in igniterealtime/Openfire  (407 written, 0 failed, 40s)
[408/1594] OK   initFilter() in igniterealtime/Openfire  (408 written, 0 failed, 40s)
[409/1594] OK   isViolationIncludeOriginalPacketEnabled() in igniterealtime/Openfire  (409 written, 0 failed, 40s)
[410/1594] OK   interceptPacket(Packet,Session,boolean,boolean) in igniterealtime/Openfire  (410 written, 0 failed, 41s)
[411/1594] OK   getAdmins() in igniterealtime/Openfire  (411 written, 0 failed, 41s)
[412/1594] OK   run() in igniterealtime/Openfire  (412 written, 0 failed, 41s)
[413/1594] OK   isLocal(JID) in igniterealtime/Openfire  (413 written, 0 failed, 41s)
[414/1594] OK   readStream() in igniterealtime/Openfire  (414 written, 0 failed, 41s)
[415/1594] OK   SocketReadThread(PacketRouter,String,Auditor,Socket,Connection) in igniterealtime/Openfire  (415 written, 0 failed, 41s)
[416/1594] OK   createSession() in igniterealtime/Openfire  (416 written, 0 failed, 41s)
[417/1594] OK   getChatRoom(String,XMPPAddress) in igniterealtime/Openfire  (417 written, 0 failed, 42s)
[418/1594] OK   checkForTimedOutUsers() in igniterealtime/Openfire  (418 written, 0 failed, 42s)
[419/1594] OK   cleanUpDriverResources() in h2oai/h2o-2  (419 written, 0 failed, 42s)
[420/1594] OK   run(String[]) in h2oai/h2o-2  (420 written, 0 failed, 42s)
[421/1594] OK   getSplits(JobContext) in h2oai/h2o-2  (421 written, 0 failed, 42s)
[422/1594] OK   values(int,int) in h2oai/h2o-2  (422 written, 0 failed, 42s)
[423/1594] OK   at8_impl(int) in h2oai/h2o-2  (423 written, 0 failed, 42s)
[424/1594] OK   make(SpeeDRFModel,Key,int,String,TreeP) in h2oai/h2o-2  (424 written, 0 failed, 43s)
[425/1594] OK   parse(String) in h2oai/h2o-2  (425 written, 0 failed, 43s)
[426/1594] OK   defaultValue() in h2oai/h2o-2  (426 written, 0 failed, 43s)
[427/1594] OK   H2OKey(String,boolean) in h2oai/h2o-2  (427 written, 0 failed, 43s)
[428/1594] OK   parse(String) in h2oai/h2o-2  (428 written, 0 failed, 43s)
[429/1594] OK   HexNonClassColumnSelect(String,H2OHexKey,H2OHexKeyCol) in h2oai/h2o-2  (429 written, 0 failed, 43s)
[430/1594] OK   queryDescription() in h2oai/h2o-2  (430 written, 0 failed, 43s)
[431/1594] OK   postGlobal() in h2oai/h2o-2  (431 written, 0 failed, 43s)
[432/1594] OK   reduce(DeepLearningTask) in h2oai/h2o-2  (432 written, 0 failed, 43s)
[433/1594] OK   serveGrid(NanoHTTPD,Properties,RequestType) in h2oai/h2o-2  (433 written, 0 failed, 43s)
[434/1594] OK   addToNavbar(Request,String,String,boolean) in h2oai/h2o-2  (434 written, 0 failed, 43s)
[435/1594] OK   serve(NanoHTTPD,Properties,RequestType) in h2oai/h2o-2  (435 written, 0 failed, 44s)
[436/1594] OK   parse(String) in h2oai/h2o-2  (436 written, 0 failed, 44s)
[437/1594] OK   textSuffixes() in h2oai/h2o-2  (437 written, 0 failed, 44s)
[438/1594] OK   main(String[]) in h2oai/h2o-2  (438 written, 0 failed, 44s)
[439/1594] OK   usageHeader() in h2oai/h2o-2  (439 written, 0 failed, 44s)
[440/1594] OK   parseArgs(String[]) in h2oai/h2o-2  (440 written, 0 failed, 44s)
[441/1594] OK   isID() in h2oai/h2o-2  (441 written, 0 failed, 44s)
[442/1594] OK   throwErr(String,int) in h2oai/h2o-2  (442 written, 0 failed, 45s)
[443/1594] OK   serve(String,int) in h2oai/h2o-2  (443 written, 0 failed, 45s)
[444/1594] OK   TypeaheadS3BucketRequest() in h2oai/h2o-2  (444 written, 0 failed, 45s)
[445/1594] OK   gameDataChanged(Change) in triplea-game/triplea  (445 written, 0 failed, 45s)
[446/1594] OK   HistorySynchronizer(GameData,IGame) in triplea-game/triplea  (446 written, 0 failed, 45s)
[447/1594] OK   addChildToEvent(String,Object) in triplea-game/triplea  (447 written, 0 failed, 45s)
[448/1594] OK   addMessage(Level,String) in triplea-game/triplea  (448 written, 0 failed, 45s)
[449/1594] OK   v_limitLogHistoryCBStateChanged(ChangeEvent) in triplea-game/triplea  (449 written, 0 failed, 45s)
[450/1594] OK   notifyNewRound(int) in triplea-game/triplea  (450 written, 0 failed, 45s)
[451/1594] OK   readMultiplePolygons(String,HashMap<String,List<Polygon>>) in triplea-game/triplea  (451 written, 0 failed, 45s)
[452/1594] OK   readOneToManyPolygons(InputStream) in triplea-game/triplea  (452 written, 0 failed, 46s)
[453/1594] OK   writeOneToOne(OutputStream,Map<String,Point>) in triplea-game/triplea  (453 written, 0 failed, 46s)
[454/1594] OK   createMaps() in triplea-game/triplea  (454 written, 0 failed, 46s)
[455/1594] OK   blankOutline(Image,BufferedImage) in triplea-game/triplea  (455 written, 0 failed, 46s)
[456/1594] OK   getMapDirectory() in triplea-game/triplea  (456 written, 0 failed, 46s)
[457/1594] OK   calculate() in triplea-game/triplea  (457 written, 0 failed, 46s)
[458/1594] OK   containedIn(Rectangle2D,Collection) in triplea-game/triplea  (458 written, 0 failed, 46s)
[459/1594] OK   isJavaGEQ9(String) in soot-oss/soot  (459 written, 0 failed, 47s)
[460/1594] OK   hasPointsToAnalysis() in soot-oss/soot  (460 written, 0 failed, 47s)
[461/1594] OK   defaultClassPath() in soot-oss/soot  (461 written, 0 failed, 47s)
[462/1594] OK   isJavaGEQ9(String) in soot-oss/soot  (462 written, 0 failed, 47s)
[463/1594] OK   releaseClientAccessibilityOracle() in soot-oss/soot  (463 written, 0 failed, 47s)
[464/1594] OK   getMethodNumberer() in soot-oss/soot  (464 written, 0 failed, 47s)
[465/1594] OK   follows(E,E) in soot-oss/soot  (465 written, 0 failed, 47s)
[466/1594] OK   unlinkSelf() in soot-oss/soot  (466 written, 0 failed, 47s)
[467/1594] OK   removeLast() in soot-oss/soot  (467 written, 0 failed, 47s)
[468/1594] OK   follows(E,E) in soot-oss/soot  (468 written, 0 failed, 47s)
[469/1594] OK   getPredOf(E) in soot-oss/soot  (469 written, 0 failed, 47s)
[470/1594] OK   hasNext() in soot-oss/soot  (470 written, 0 failed, 47s)
[471/1594] OK   updateCallGraph() in soot-oss/soot  (471 written, 0 failed, 48s)
[472/1594] OK   getInternalEdgeFromSootEdge(Edge) in soot-oss/soot  (472 written, 0 failed, 48s)
[473/1594] OK   isValidMethod(SootMethod) in soot-oss/soot  (473 written, 0 failed, 48s)
[474/1594] OK   getMaxAPIAvailable(String) in soot-oss/soot  (474 written, 0 failed, 48s)
[475/1594] OK   addReflectionTraceClasses() in soot-oss/soot  (475 written, 0 failed, 48s)
[476/1594] OK   loadClass(String,int) in soot-oss/soot  (476 written, 0 failed, 48s)
[477/1594] OK   asParameter(SootMethod,Local) in soot-oss/soot  (477 written, 0 failed, 48s)
[478/1594] OK   getParamRegCount() in soot-oss/soot  (478 written, 0 failed, 48s)
[479/1594] OK   asLocal(Value) in soot-oss/soot  (479 written, 0 failed, 48s)
[480/1594] OK   asParameter(SootMethod,Local) in soot-oss/soot  (480 written, 0 failed, 49s)
[481/1594] OK   getRegCount() in soot-oss/soot  (481 written, 0 failed, 49s)
[482/1594] OK   increaseRegCount(int) in soot-oss/soot  (482 written, 0 failed, 49s)
[483/1594] OK   do_before_propagation() in soot-oss/soot  (483 written, 0 failed, 49s)
[484/1594] OK   test_points_to_has_types(Set<Type>) in soot-oss/soot  (484 written, 0 failed, 49s)
[485/1594] OK   add_simple_constraint_4(IVarAbstraction,long,long,long,long) in soot-oss/soot  (485 written, 0 failed, 49s)
[486/1594] OK   do_before_propagation() in soot-oss/soot  (486 written, 0 failed, 49s)
[487/1594] OK   num_of_diff_edges() in soot-oss/soot  (487 written, 0 failed, 49s)
[488/1594] OK   do_before_propagation() in soot-oss/soot  (488 written, 0 failed, 49s)
[489/1594] OK   instantiateLoadConstraint(FullSensitiveNode,FullSensitiveNode,SegmentNode,int) in soot-oss/soot  (489 written, 0 failed, 50s)
[490/1594] OK   toString() in soot-oss/soot  (490 written, 0 failed, 50s)
[491/1594] OK   importBodyContentsFrom(Body) in soot-oss/soot  (491 written, 0 failed, 50s)
[492/1594] OK   validateValueBoxes() in soot-oss/soot  (492 written, 0 failed, 50s)
[493/1594] OK   internalTransform(Body,String,Map) in soot-oss/soot  (493 written, 0 failed, 50s)
[494/1594] OK   v() in soot-oss/soot  (494 written, 0 failed, 50s)
[495/1594] OK   addProcedureToClass(SootMethod) in soot-oss/soot  (495 written, 0 failed, 50s)
[496/1594] OK   createMethodDecl(MethodDecl) in soot-oss/soot  (496 written, 0 failed, 51s)
[497/1594] OK   addReachingType(VarNode,Type,Collection) in soot-oss/soot  (497 written, 0 failed, 51s)
[498/1594] OK   addSite(Stmt) in soot-oss/soot  (498 written, 0 failed, 51s)
[499/1594] OK   allReceivers() in soot-oss/soot  (499 written, 0 failed, 51s)
[500/1594] OK   internalTransform(Body,String,Map) in soot-oss/soot  (500 written, 0 failed, 51s)
[501/1594] OK   v() in soot-oss/soot  (501 written, 0 failed, 51s)
[502/1594] OK   find_LabeledBlocks(SETNode) in soot-oss/soot  (502 written, 0 failed, 51s)
[503/1594] OK   LabeledBlockFinder() in soot-oss/soot  (503 written, 0 failed, 51s)
[504/1594] OK   v() in soot-oss/soot  (504 written, 0 failed, 51s)
[505/1594] OK   jimpleTargetFixup() in soot-oss/soot  (505 written, 0 failed, 52s)
[506/1594] OK   dumpReplacedInsns() in soot-oss/soot  (506 written, 0 failed, 52s)
[507/1594] OK   emitMethod(SootMethod) in soot-oss/soot  (507 written, 0 failed, 52s)
[508/1594] OK   caseStmtAddressType(StmtAddressType) in soot-oss/soot  (508 written, 0 failed, 52s)
[509/1594] OK   caseCharType(CharType) in soot-oss/soot  (509 written, 0 failed, 52s)
[510/1594] OK   getSamouraiNetwork() in sparrowwallet/sparrow  (510 written, 0 failed, 52s)
[511/1594] OK   startAllWhirlpool() in sparrowwallet/sparrow  (511 written, 0 failed, 52s)
[512/1594] OK   whirlpoolIndexHighFrequency(WhirlpoolIndexHighFrequencyEvent) in sparrowwallet/sparrow  (512 written, 0 failed, 52s)
[513/1594] OK   getTransaction(String,boolean) in sparrowwallet/sparrow  (513 written, 0 failed, 52s)
[514/1594] OK   compareTo(VsizeFeerate) in sparrowwallet/sparrow  (514 written, 0 failed, 52s)
[515/1594] OK   subscribeScriptHash(String) in sparrowwallet/sparrow  (515 written, 0 failed, 53s)
[516/1594] OK   main(String[]) in sparrowwallet/sparrow  (516 written, 0 failed, 53s)
[517/1594] OK   getLogger() in sparrowwallet/sparrow  (517 written, 0 failed, 53s)
[518/1594] OK   Instance(List<String>) in sparrowwallet/sparrow  (518 written, 0 failed, 53s)
[519/1594] OK   finalizePSBT() in sparrowwallet/sparrow  (519 written, 0 failed, 53s)
[520/1594] OK   update() in sparrowwallet/sparrow  (520 written, 0 failed, 53s)
[521/1594] OK   getKeystore(ScriptType,InputStream,String) in sparrowwallet/sparrow  (521 written, 0 failed, 53s)
[522/1594] OK   getWalletModel() in sparrowwallet/sparrow  (522 written, 0 failed, 53s)
[523/1594] OK   exportWallet(Wallet,OutputStream) in sparrowwallet/sparrow  (523 written, 0 failed, 54s)
[524/1594] OK   importWallet(InputStream,String) in sparrowwallet/sparrow  (524 written, 0 failed, 54s)
[525/1594] OK   walletExportRequiresDecryption() in sparrowwallet/sparrow  (525 written, 0 failed, 54s)
[526/1594] OK   getWalletModel() in sparrowwallet/sparrow  (526 written, 0 failed, 54s)
[527/1594] OK   getKeyDeriver(InputStream) in sparrowwallet/sparrow  (527 written, 0 failed, 54s)
[528/1594] OK   getSparrowDir() in sparrowwallet/sparrow  (528 written, 0 failed, 54s)
[529/1594] OK   serialize(ExtendedKey,Type,JsonSerializationContext) in sparrowwallet/sparrow  (529 written, 0 failed, 54s)
[530/1594] OK   walletTabsClosed(WalletTabsClosedEvent) in sparrowwallet/sparrow  (530 written, 0 failed, 54s)
[531/1594] OK   getValue() in sparrowwallet/sparrow  (531 written, 0 failed, 54s)
[532/1594] OK   getBalance() in sparrowwallet/sparrow  (532 written, 0 failed, 54s)
[533/1594] OK   parseList(LineNumberReader) in gephi/gephi  (533 written, 0 failed, 55s)
[534/1594] OK   importData(LineNumberReader) in gephi/gephi  (534 written, 0 failed, 55s)
[535/1594] OK   parseEdge(ArrayList) in gephi/gephi  (535 written, 0 failed, 55s)
[536/1594] OK   getDoubleFromXMLDateString(String) in gephi/gephi  (536 written, 0 failed, 55s)
[537/1594] OK   createDynamicObject(AttributeType,DynamicType) in gephi/gephi  (537 written, 0 failed, 55s)
[538/1594] OK   compare(Interval,Interval) in gephi/gephi  (538 written, 0 failed, 55s)
[539/1594] OK   readEdgeAttValue(XMLStreamReader,EdgeDraft) in gephi/gephi  (539 written, 0 failed, 56s)
[540/1594] OK   getReport() in gephi/gephi  (540 written, 0 failed, 56s)
[541/1594] OK   readNodeColor(XMLStreamReader,NodeDraft) in gephi/gephi  (541 written, 0 failed, 56s)
[542/1594] OK   readNodeAttValue(XMLStreamReader,NodeDraft) in gephi/gephi  (542 written, 0 failed, 56s)
[543/1594] OK   readNodePosition(XMLStreamReader,NodeDraft) in gephi/gephi  (543 written, 0 failed, 56s)
[544/1594] OK   execute(ContainerLoader) in gephi/gephi  (544 written, 0 failed, 57s)
[545/1594] OK   setMax(String) in gephi/gephi  (545 written, 0 failed, 57s)
[546/1594] OK   getTimeInterval(Workspace) in gephi/gephi  (546 written, 0 failed, 57s)
[547/1594] OK   getTo(Workspace) in gephi/gephi  (547 written, 0 failed, 57s)
[548/1594] OK   setMin(String) in gephi/gephi  (548 written, 0 failed, 57s)
[549/1594] OK   pushSlice(Workspace,String,String,Edge) in gephi/gephi  (549 written, 0 failed, 57s)
[550/1594] OK   getTo() in gephi/gephi  (550 written, 0 failed, 57s)
[551/1594] OK   pushSlice(Workspace,String,String,Node) in gephi/gephi  (551 written, 0 failed, 57s)
[552/1594] OK   setMin(double) in gephi/gephi  (552 written, 0 failed, 57s)
[553/1594] OK   setMax(Workspace,double) in gephi/gephi  (553 written, 0 failed, 57s)
[554/1594] OK   parseEdges(NodeList,String) in gephi/gephi  (554 written, 0 failed, 58s)
[555/1594] OK   setNodeData(Element,NodeDraft,String) in gephi/gephi  (555 written, 0 failed, 58s)
[556/1594] OK   setEdgeData(Element,EdgeDraft,String) in gephi/gephi  (556 written, 0 failed, 58s)
[557/1594] OK   importData(Document,ContainerLoader,Report) in gephi/gephi  (557 written, 0 failed, 58s)
[558/1594] OK   parseNodes(NodeList,String) in gephi/gephi  (558 written, 0 failed, 59s)
[559/1594] OK   importData(Document) in gephi/gephi  (559 written, 0 failed, 59s)
[560/1594] OK   setPattern(String,int) in gephi/gephi  (560 written, 0 failed, 59s)
[561/1594] OK   isCellEditable(int,int) in gephi/gephi  (561 written, 0 failed, 59s)
[562/1594] OK   setFilter(String,int) in gephi/gephi  (562 written, 0 failed, 59s)
[563/1594] OK   NodeDataTable() in gephi/gephi  (563 written, 0 failed, 59s)
[564/1594] OK   getColumnClass(int) in gephi/gephi  (564 written, 0 failed, 59s)
[565/1594] OK   updateTree() in Konloch/bytecode-viewer  (565 written, 0 failed, 59s)
[566/1594] OK   insert(MutableTreeNode,int) in Konloch/bytecode-viewer  (566 written, 0 failed, 59s)
[567/1594] OK   printMethodInsnNode(MethodInsnNode,ListIterator<?>) in Konloch/bytecode-viewer  (567 written, 0 failed, 59s)
[568/1594] OK   printLdcInsnNode(LdcInsnNode,ListIterator<?>) in Konloch/bytecode-viewer  (568 written, 0 failed, 59s)
[569/1594] OK   printLineNumberNode(LineNumberNode,ListIterator<?>) in Konloch/bytecode-viewer  (569 written, 0 failed, 60s)
[570/1594] OK   printTypeInsnNode(TypeInsnNode) in Konloch/bytecode-viewer  (570 written, 0 failed, 60s)
[571/1594] OK   printInsnNode(InsnNode,ListIterator<?>) in Konloch/bytecode-viewer  (571 written, 0 failed, 60s)
[572/1594] OK   resolveLabel(LabelNode) in Konloch/bytecode-viewer  (572 written, 0 failed, 60s)
[573/1594] OK   pixel(int,int) in sksamuel/scrimage  (573 written, 0 failed, 60s)
[574/1594] OK   pixel(Point) in sksamuel/scrimage  (574 written, 0 failed, 60s)
[575/1594] OK   count(Predicate<Pixel>) in sksamuel/scrimage  (575 written, 0 failed, 60s)
[576/1594] OK   query(MetricResults,Type) in apache/beam  (576 written, 0 failed, 60s)
[577/1594] OK   toString() in apache/beam  (577 written, 0 failed, 60s)
[578/1594] OK   add(String,String,Iterable<String>) in apache/beam  (578 written, 0 failed, 60s)
[579/1594] OK   processElement(ProcessContext) in apache/beam  (579 written, 0 failed, 60s)
[580/1594] OK   notEqualTo(T) in apache/beam  (580 written, 0 failed, 60s)
[581/1594] OK   thatMultimap(String,PCollection<KV<K,V>>) in apache/beam  (581 written, 0 failed, 60s)
[582/1594] OK   toBeamValue(FieldType,Object) in apache/beam  (582 written, 0 failed, 61s)
[583/1594] OK   builder() in apache/beam  (583 written, 0 failed, 61s)
[584/1594] OK   iterableValueFromProto(FieldType,IterableTypeValue) in apache/beam  (584 written, 0 failed, 61s)
[585/1594] OK   logicalTypeToProto(FieldType,FieldType,Object) in apache/beam  (585 written, 0 failed, 61s)
[586/1594] OK   iterableValueToProto(FieldType,Iterable) in apache/beam  (586 written, 0 failed, 61s)
[587/1594] OK   fieldTypeToProto(FieldType,boolean) in apache/beam  (587 written, 0 failed, 61s)
[588/1594] OK   singularFieldToProtoValue(SchemaInformation,FieldDescriptor,Object,boolean) in apache/beam  (588 written, 0 failed, 61s)
[589/1594] OK   SchemaDoesntMatchException(String,Exception) in apache/beam  (589 written, 0 failed, 61s)
[590/1594] OK   SchemaDoesntMatchException(String) in apache/beam  (590 written, 0 failed, 61s)
[591/1594] OK   singularFieldToProtoValue(SchemaInformation,FieldDescriptor,Object,boolean) in apache/beam  (591 written, 0 failed, 62s)
[592/1594] OK   messageFromTableRow(SchemaInformation,Descriptor,TableRow,boolean) in apache/beam  (592 written, 0 failed, 62s)
[593/1594] OK   messageValueFromFieldValue(SchemaInformation,FieldDescriptor,Object,boolean) in apache/beam  (593 written, 0 failed, 62s)
[594/1594] OK   issueMultiChunkRequest(long,PendingRequest) in apache/beam  (594 written, 0 failed, 62s)
[595/1594] OK   newTestInstance(String,boolean) in apache/beam  (595 written, 0 failed, 62s)
[596/1594] OK   issueMultiChunkRequest(long,PendingRequest) in apache/beam  (596 written, 0 failed, 63s)
[597/1594] OK   maybeSendHealthCheck(Instant) in apache/beam  (597 written, 0 failed, 63s)
[598/1594] OK   PendingRequest(String,WorkItemCommitRequest,Consumer<CommitStatus>) in apache/beam  (598 written, 0 failed, 63s)
[599/1594] OK   start() in apache/beam  (599 written, 0 failed, 63s)
[600/1594] OK   appendSummaryHtml(PrintWriter) in apache/beam  (600 written, 0 failed, 63s)
[601/1594] OK   tearDown() in apache/beam  (601 written, 0 failed, 63s)
[602/1594] OK   createTable() in apache/beam  (602 written, 0 failed, 63s)
[603/1594] OK   isProperPrefixOf(CompositeKey) in apache/beam  (603 written, 0 failed, 63s)
[604/1594] OK   remove(K) in apache/beam  (604 written, 0 failed, 63s)
[605/1594] OK   weigh(Object) in apache/beam  (605 written, 0 failed, 63s)
[606/1594] OK   ClearableCache(Cache<K,V>) in apache/beam  (606 written, 0 failed, 63s)
[607/1594] OK   computeIfAbsent(K,Function<K,V>) in apache/beam  (607 written, 0 failed, 64s)
[608/1594] OK   filterCharacters(String) in apache/beam  (608 written, 0 failed, 64s)
[609/1594] OK   close() in apache/beam  (609 written, 0 failed, 64s)
[610/1594] OK   onResponse(StreamingCommitResponse) in apache/beam  (610 written, 0 failed, 64s)
[611/1594] OK   hasPendingRequests() in apache/beam  (611 written, 0 failed, 64s)
[612/1594] OK   startThrottleTimer() in apache/beam  (612 written, 0 failed, 64s)
[613/1594] OK   setupTestEnvironment() in apache/beam  (613 written, 0 failed, 64s)
[614/1594] OK   cleanupTestEnvironment() in apache/beam  (614 written, 0 failed, 64s)
[615/1594] OK   cancel() in apache/beam  (615 written, 0 failed, 64s)
[616/1594] OK   waitUntilFinish() in apache/beam  (616 written, 0 failed, 64s)
[617/1594] OK   waitUntilFinish(Duration) in apache/beam  (617 written, 0 failed, 64s)
[618/1594] OK   writeMetrics(MetricQueryResults) in apache/beam  (618 written, 0 failed, 64s)
[619/1594] OK   toString() in apache/beam  (619 written, 0 failed, 64s)
[620/1594] OK   createGaugeGraphiteMessage(MetricResult<GaugeResult>,boolean) in apache/beam  (620 written, 0 failed, 64s)
[621/1594] OK   run(Pipeline) in apache/beam  (621 written, 0 failed, 65s)
[622/1594] OK   AdaptedBoundedAsUnbounded(BoundedReadFromUnboundedSource<T>) in apache/beam  (622 written, 0 failed, 65s)
[623/1594] OK   fromOptions(PipelineOptions) in apache/beam  (623 written, 0 failed, 65s)
[624/1594] OK   splitAtFraction(double) in apache/beam  (624 written, 0 failed, 65s)
[625/1594] OK   withBigtableOptions(Builder) in apache/beam  (625 written, 0 failed, 65s)
[626/1594] OK   finishBundle(Context) in apache/beam  (626 written, 0 failed, 65s)
[627/1594] OK   run(Pipeline) in apache/beam  (627 written, 0 failed, 65s)
[628/1594] OK   fromOptions(PipelineOptions) in apache/beam  (628 written, 0 failed, 65s)
[629/1594] OK   apply(PTransform<InputT,OutputT>,InputT) in apache/beam  (629 written, 0 failed, 65s)
[630/1594] OK   authenticatePhaseFastPath(ChannelHandlerContext,PacketPayload,AuthorityRule) in apache/shardingsphere  (630 written, 0 failed, 66s)
[631/1594] OK   authenticateMismatchedMethod(MySQLPacketPayload) in apache/shardingsphere  (631 written, 0 failed, 66s)
[632/1594] OK   isClientPluginAuthenticate(MySQLHandshakeResponse41Packet) in apache/shardingsphere  (632 written, 0 failed, 66s)
[633/1594] OK   convertValue(Object,Class<?>) in apache/shardingsphere  (633 written, 0 failed, 66s)
[634/1594] OK   convertNumberValue(Object,Class<?>) in apache/shardingsphere  (634 written, 0 failed, 66s)
[635/1594] OK   convertTimestampValue(Object,Class<?>) in apache/shardingsphere  (635 written, 0 failed, 66s)
[636/1594] OK   start(ReportCallback) in apache/shardingsphere  (636 written, 0 failed, 66s)
[637/1594] OK   HistoryDataSyncTaskGroup(SyncConfiguration,DataSourceManager) in apache/shardingsphere  (637 written, 0 failed, 66s)
[638/1594] OK   report(Event) in apache/shardingsphere  (638 written, 0 failed, 66s)
[639/1594] OK   writeTo(Object,String,OutputStream) in M66B/FairEmail  (639 written, 0 failed, 66s)
[640/1594] OK   getCharset(String) in M66B/FairEmail  (640 written, 0 failed, 67s)
[641/1594] OK   getContent(DataSource) in M66B/FairEmail  (641 written, 0 failed, 67s)
[642/1594] OK   getDataFlavors() in M66B/FairEmail  (642 written, 0 failed, 67s)
[643/1594] OK   cloud(Bundle) in M66B/FairEmail  (643 written, 0 failed, 67s)
[644/1594] OK   onExecuted(Bundle,Void) in M66B/FairEmail  (644 written, 0 failed, 67s)
[645/1594] OK   onClick(DialogInterface,int) in M66B/FairEmail  (645 written, 0 failed, 67s)
[646/1594] OK   migrate(SupportSQLiteDatabase) in M66B/FairEmail  (646 written, 0 failed, 67s)
[647/1594] OK   getDataUriStream(String) in M66B/FairEmail  (647 written, 0 failed, 68s)
[648/1594] OK   _decodeImage(File,int) in M66B/FairEmail  (648 written, 0 failed, 68s)
[649/1594] OK   onHeaderDecoded(ImageDecoder,ImageInfo,Source) in M66B/FairEmail  (649 written, 0 failed, 68s)
[650/1594] OK   onPrint(Bundle) in M66B/FairEmail  (650 written, 0 failed, 68s)
[651/1594] OK   onExecute(Context,Bundle) in M66B/FairEmail  (651 written, 0 failed, 68s)
[652/1594] OK   handleExit() in M66B/FairEmail  (652 written, 0 failed, 68s)
[653/1594] OK   cancel(Context) in M66B/FairEmail  (653 written, 0 failed, 68s)
[654/1594] OK   init(Context,boolean) in M66B/FairEmail  (654 written, 0 failed, 69s)
[655/1594] OK   doWork() in M66B/FairEmail  (655 written, 0 failed, 69s)
[656/1594] OK   makeCircular(Bitmap,Integer) in M66B/FairEmail  (656 written, 0 failed, 69s)
[657/1594] OK   getImageRotation(File) in M66B/FairEmail  (657 written, 0 failed, 69s)
[658/1594] OK   getCacheFile(Context,long,String) in M66B/FairEmail  (658 written, 0 failed, 69s)
[659/1594] OK   init(Context) in M66B/FairEmail  (659 written, 0 failed, 70s)
[660/1594] OK   onChange(boolean,Uri) in M66B/FairEmail  (660 written, 0 failed, 70s)
[661/1594] OK   onActionTakePhoto() in M66B/FairEmail  (661 written, 0 failed, 70s)
[662/1594] OK   onExecute(Context,Bundle) in M66B/FairEmail  (662 written, 0 failed, 70s)
[663/1594] OK   resizeAttachment(Context,EntityAttachment) in M66B/FairEmail  (663 written, 0 failed, 70s)
[664/1594] OK   onActionRecordAudio() in M66B/FairEmail  (664 written, 0 failed, 70s)
[665/1594] OK   onCreateOptionsMenu(Menu,MenuInflater) in M66B/FairEmail  (665 written, 0 failed, 70s)
[666/1594] OK   onNavigationItemSelected(MenuItem) in M66B/FairEmail  (666 written, 0 failed, 70s)
[667/1594] OK   queue(Context) in M66B/FairEmail  (667 written, 0 failed, 70s)
[668/1594] OK   WorkerCleanup(Context,WorkerParameters) in M66B/FairEmail  (668 written, 0 failed, 70s)
[669/1594] OK   getName() in M66B/FairEmail  (669 written, 0 failed, 71s)
[670/1594] OK   cancel(Context) in M66B/FairEmail  (670 written, 0 failed, 71s)
[671/1594] OK   doWork() in M66B/FairEmail  (671 written, 0 failed, 71s)
[672/1594] OK   init(Context) in M66B/FairEmail  (672 written, 0 failed, 71s)
[673/1594] OK   WorkerPoll(Context,WorkerParameters) in M66B/FairEmail  (673 written, 0 failed, 71s)
[674/1594] OK   getListPost() in M66B/FairEmail  (674 written, 0 failed, 71s)
[675/1594] OK   getReceiptRequested() in M66B/FairEmail  (675 written, 0 failed, 71s)
[676/1594] OK   getAuthentication(String,String) in M66B/FairEmail  (676 written, 0 failed, 71s)
[677/1594] OK   getReceiptTo() in M66B/FairEmail  (677 written, 0 failed, 71s)
[678/1594] OK   getSubject() in M66B/FairEmail  (678 written, 0 failed, 71s)
[679/1594] OK   isPlainOnly() in M66B/FairEmail  (679 written, 0 failed, 71s)
[680/1594] OK   queue_reload(boolean,String) in M66B/FairEmail  (680 written, 0 failed, 72s)
[681/1594] OK   onChanged(List<EntityOperation>) in M66B/FairEmail  (681 written, 0 failed, 72s)
[682/1594] OK   onDestroy() in M66B/FairEmail  (682 written, 0 failed, 72s)
[683/1594] OK   onFolderSync(long) in M66B/FairEmail  (683 written, 0 failed, 72s)
[684/1594] OK   load(Fragment,Bundle) in M66B/FairEmail  (684 written, 0 failed, 72s)
[685/1594] OK   deliver(Bundle,Result) in M66B/FairEmail  (685 written, 0 failed, 73s)
[686/1594] OK   onReceive(Context,Intent) in M66B/FairEmail  (686 written, 0 failed, 73s)
[687/1594] OK   doAdd(EntityFolder,Session,IMAPFolder,EntityMessage,JSONArray,DB) in M66B/FairEmail  (687 written, 0 failed, 73s)
[688/1594] OK   monitorAccount(EntityAccount,ServiceState) in M66B/FairEmail  (688 written, 0 failed, 73s)
[689/1594] OK   start(Context) in M66B/FairEmail  (689 written, 0 failed, 73s)
[690/1594] OK   doMove(EntityFolder,Session,IMAPStore,IMAPFolder,EntityMessage,JSONArray,DB) in M66B/FairEmail  (690 written, 0 failed, 73s)
[691/1594] OK   findClosestSymbolByAddress(long,boolean) in zhkl0228/unidbg  (691 written, 0 failed, 74s)
[692/1594] OK   neededLibraries() in zhkl0228/unidbg  (692 written, 0 failed, 74s)
[693/1594] OK   bindAt(int,Pointer,MachOModule,String,boolean) in zhkl0228/unidbg  (693 written, 0 failed, 74s)
[694/1594] OK   emulate(long,long) in zhkl0228/unidbg  (694 written, 0 failed, 74s)
[695/1594] OK   emulate(long,long,long,boolean) in zhkl0228/unidbg  (695 written, 0 failed, 75s)
[696/1594] OK   unw_step(Emulator<?>,Frame) in zhkl0228/unidbg  (696 written, 0 failed, 75s)
[697/1594] OK   AndroidARMUnwinder(Emulator<?>) in zhkl0228/unidbg  (697 written, 0 failed, 75s)
[698/1594] OK   requestCameraPermission() in fossasia/phimpme-android  (698 written, 0 failed, 75s)
[699/1594] OK   onClick(DialogInterface,int) in fossasia/phimpme-android  (699 written, 0 failed, 75s)
[700/1594] OK   loadFromIntent() in fossasia/phimpme-android  (700 written, 0 failed, 75s)
[701/1594] OK   onCreateOptionsMenu(Menu) in fossasia/phimpme-android  (701 written, 0 failed, 75s)
[702/1594] OK   onCreate(Bundle) in fossasia/phimpme-android  (702 written, 0 failed, 75s)
[703/1594] OK   setLayout() in fossasia/phimpme-android  (703 written, 0 failed, 75s)
[704/1594] OK   onPictureTaken(byte[],Camera) in fossasia/phimpme-android  (704 written, 0 failed, 76s)
[705/1594] OK   getView(int,View,ViewGroup) in fossasia/phimpme-android  (705 written, 0 failed, 76s)
[706/1594] OK   getCount() in fossasia/phimpme-android  (706 written, 0 failed, 76s)
[707/1594] OK   calculateInSampleSize(String,int) in fossasia/phimpme-android  (707 written, 0 failed, 76s)
[708/1594] OK   surfaceChanged(SurfaceHolder,int,int,int) in fossasia/phimpme-android  (708 written, 0 failed, 76s)
[709/1594] OK   onPictureTaken(byte[],Camera) in fossasia/phimpme-android  (709 written, 0 failed, 77s)
[710/1594] OK   onCreate(Bundle) in fossasia/phimpme-android  (710 written, 0 failed, 77s)
[711/1594] OK   onItemSingleTapUp(int,OverlayItem) in fossasia/phimpme-android  (711 written, 0 failed, 77s)
[712/1594] OK   updatePhoto() in fossasia/phimpme-android  (712 written, 0 failed, 77s)
[713/1594] OK   onClick(View) in fossasia/phimpme-android  (713 written, 0 failed, 77s)
[714/1594] OK   setMediaButtonBroadcastReceiver(MediaSessionCompat,ComponentName) in androidx/media  (714 written, 0 failed, 77s)
[715/1594] OK   disconnectControllerAfterTimeout(ControllerInfo,long) in androidx/media  (715 written, 0 failed, 77s)
[716/1594] OK   releaseAllFramesFromMediaCodec(CountDownLatch) in androidx/media  (716 written, 0 failed, 78s)
[717/1594] OK   setInputFrameInfo(FrameInfo,boolean) in androidx/media  (717 written, 0 failed, 78s)
[718/1594] OK   registerInputFrame(FrameInfo) in androidx/media  (718 written, 0 failed, 78s)
[719/1594] OK   setPlaybackParameters(IMediaController,int,Bundle) in androidx/media  (719 written, 0 failed, 78s)
[720/1594] OK   sendSessionResultWhenReady(SessionTask<ListenableFuture,K>) in androidx/media  (720 written, 0 failed, 78s)
[721/1594] OK   onSessionActivityChanged(int,PendingIntent) in androidx/media  (721 written, 0 failed, 78s)
[722/1594] OK   parseTraks(ContainerAtom,GaplessInfoHolder,long,DrmInitData,boolean,boolean,Function) in androidx/media  (722 written, 0 failed, 78s)
[723/1594] OK   parseSmta(ParsableByteArray,int) in androidx/media  (723 written, 0 failed, 79s)
[724/1594] OK   getAudioOffloadSupport(Format,AudioAttributes) in androidx/media  (724 written, 0 failed, 79s)
[725/1594] OK   getOffloadedPlaybackSupport(AudioFormat,AudioAttributes,boolean) in androidx/media  (725 written, 0 failed, 79s)
[726/1594] OK   switchAssetLoader() in androidx/media  (726 written, 0 failed, 79s)
[727/1594] OK   addOnMediaItemChangedListener(OnMediaItemChangedListener,int) in androidx/media  (727 written, 0 failed, 79s)
[728/1594] OK   getProgress(ProgressHolder) in androidx/media  (728 written, 0 failed, 79s)
[729/1594] OK   onTimelineChanged(Timeline,int) in androidx/media  (729 written, 0 failed, 80s)
[730/1594] OK   start() in androidx/media  (730 written, 0 failed, 80s)
[731/1594] OK   onTracksChanged(Tracks) in androidx/media  (731 written, 0 failed, 80s)
[732/1594] OK   onPlayerError(PlaybackException) in androidx/media  (732 written, 0 failed, 80s)
[733/1594] OK   PlayerListener(Listener) in androidx/media  (733 written, 0 failed, 80s)
[734/1594] OK   onTimelineChanged(Timeline,int) in androidx/media  (734 written, 0 failed, 80s)
[735/1594] OK   createRenderers(Handler,VideoRendererEventListener,AudioRendererEventListener,TextOutput,MetadataOutput) in androidx/media  (735 written, 0 failed, 80s)
[736/1594] OK   onPlayerError(PlaybackException) in androidx/media  (736 written, 0 failed, 80s)
[737/1594] OK   onTracksChanged(Tracks) in androidx/media  (737 written, 0 failed, 81s)
[738/1594] OK   PlayerListener(Listener) in androidx/media  (738 written, 0 failed, 81s)
[739/1594] OK   Factory(Context,DecoderFactory,boolean,Clock,Factory) in androidx/media  (739 written, 0 failed, 81s)
[740/1594] OK   createSessionToken(Context,Object) in androidx/media  (740 written, 0 failed, 81s)
[741/1594] OK   getPackageName() in androidx/media  (741 written, 0 failed, 81s)
[742/1594] OK   createSessionToken(Context,Object) in androidx/media  (742 written, 0 failed, 81s)
[743/1594] OK   getUid(PackageManager,String) in androidx/media  (743 written, 0 failed, 81s)
[744/1594] OK   toString() in androidx/media  (744 written, 0 failed, 81s)
[745/1594] OK   createOpenGlSurfaces(Surface,SurfaceView) in androidx/media  (745 written, 0 failed, 82s)
[746/1594] OK   processFrame() in androidx/media  (746 written, 0 failed, 82s)
[747/1594] OK   clearOutputFrame() in androidx/media  (747 written, 0 failed, 82s)
[748/1594] OK   createOpenGlSurfaces(Surface,SurfaceView) in androidx/media  (748 written, 0 failed, 82s)
[749/1594] OK   create(Context,float,int,int,List<GlEffect>,boolean) in androidx/media  (749 written, 0 failed, 82s)
[750/1594] OK   release() in androidx/media  (750 written, 0 failed, 83s)
[751/1594] OK   createChoreographerInstanceInternal() in androidx/media  (751 written, 0 failed, 83s)
[752/1594] OK   onSurfaceChanged(Surface) in androidx/media  (752 written, 0 failed, 83s)
[753/1594] OK   unregister() in androidx/media  (753 written, 0 failed, 83s)
[754/1594] OK   createChoreographerInstanceInternal() in androidx/media  (754 written, 0 failed, 83s)
[755/1594] OK   resetAdjustment() in androidx/media  (755 written, 0 failed, 83s)
[756/1594] OK   addObserver() in androidx/media  (756 written, 0 failed, 83s)
[757/1594] OK   onStopped() in androidx/media  (757 written, 0 failed, 83s)
[758/1594] OK   onPlaybackSpeed(float) in androidx/media  (758 written, 0 failed, 83s)
[759/1594] OK   getInstance() in androidx/media  (759 written, 0 failed, 83s)
[760/1594] OK   connect(IMediaController,Bundle) in androidx/media  (760 written, 0 failed, 83s)
[761/1594] OK   onDestroy() in androidx/media  (761 written, 0 failed, 83s)
[762/1594] OK   onGetSession(ControllerInfo) in androidx/media  (762 written, 0 failed, 84s)
[763/1594] OK   maybeDequeueInputBuffer(DecoderInputBuffer) in androidx/media  (763 written, 0 failed, 84s)
[764/1594] OK   getOutputFormat() in androidx/media  (764 written, 0 failed, 84s)
[765/1594] OK   Codec(MediaCodec,Surface) in androidx/media  (765 written, 0 failed, 84s)
[766/1594] OK   releaseOutputBuffer(boolean) in androidx/media  (766 written, 0 failed, 84s)
[767/1594] OK   queueInputBuffer(DecoderInputBuffer) in androidx/media  (767 written, 0 failed, 84s)
[768/1594] OK   getFormat(MediaFormat) in androidx/media  (768 written, 0 failed, 85s)
[769/1594] OK   maybeDequeueOutputBuffer() in androidx/media  (769 written, 0 failed, 85s)
[770/1594] OK   createForVideoDecoding(Format,Surface) in androidx/media  (770 written, 0 failed, 85s)
[771/1594] OK   maybeDequeueAndSetOutputBuffer() in androidx/media  (771 written, 0 failed, 85s)
[772/1594] OK   getOutputBufferInfo() in androidx/media  (772 written, 0 failed, 85s)
[773/1594] OK   isEnded() in androidx/media  (773 written, 0 failed, 85s)
[774/1594] OK   signalEndOfInputStream() in androidx/media  (774 written, 0 failed, 85s)
[775/1594] OK   getOutputBuffer() in androidx/media  (775 written, 0 failed, 85s)
[776/1594] OK   writeSampleData(int,ByteBuffer,boolean,long) in androidx/media  (776 written, 0 failed, 85s)
[777/1594] OK   FrameworkMuxer(MediaMuxer) in androidx/media  (777 written, 0 failed, 85s)
[778/1594] OK   release(boolean) in androidx/media  (778 written, 0 failed, 85s)
[779/1594] OK   addTrack(Format) in androidx/media  (779 written, 0 failed, 85s)
[780/1594] OK   create(ParcelFileDescriptor,String) in androidx/media  (780 written, 0 failed, 86s)
[781/1594] OK   maybeDequeueAndSetOutputBuffer() in androidx/media  (781 written, 0 failed, 86s)
[782/1594] OK   maybeDequeueInputBuffer(DecoderInputBuffer) in androidx/media  (782 written, 0 failed, 86s)
[783/1594] OK   releaseOutputBuffer() in androidx/media  (783 written, 0 failed, 86s)
[784/1594] OK   maybeDequeueOutputBuffer() in androidx/media  (784 written, 0 failed, 86s)
[785/1594] OK   releaseOutputBuffer(boolean) in androidx/media  (785 written, 0 failed, 86s)
[786/1594] OK   createForVideoEncoding(Format) in androidx/media  (786 written, 0 failed, 86s)
[787/1594] OK   queueInputBuffer(DecoderInputBuffer) in androidx/media  (787 written, 0 failed, 86s)
[788/1594] OK   createForVideoDecoding(Format,Surface) in androidx/media  (788 written, 0 failed, 86s)
[789/1594] OK   signalEndOfInputStream() in androidx/media  (789 written, 0 failed, 86s)
[790/1594] OK   createForAudioEncoding(Format) in androidx/media  (790 written, 0 failed, 86s)
[791/1594] OK   addTrack(Format) in androidx/media  (791 written, 0 failed, 87s)
[792/1594] OK   supportsSampleMimeType(String,String) in androidx/media  (792 written, 0 failed, 87s)
[793/1594] OK   FrameworkMuxer(MediaMuxer) in androidx/media  (793 written, 0 failed, 87s)
[794/1594] OK   writeSampleData(int,ByteBuffer,boolean,long) in androidx/media  (794 written, 0 failed, 87s)
[795/1594] OK   supportsOutputMimeType(String) in androidx/media  (795 written, 0 failed, 87s)
[796/1594] OK   getSupportedSampleMimeTypes(int,String) in androidx/media  (796 written, 0 failed, 87s)
[797/1594] OK   restartService() in androidx/media  (797 written, 0 failed, 87s)
[798/1594] OK   startService(Context,Intent,boolean) in androidx/media  (798 written, 0 failed, 87s)
[799/1594] OK   sendSetStopReason(Context,Class<? extends DownloadService>,String,int,boolean) in androidx/media  (799 written, 0 failed, 87s)
[800/1594] OK   isInternetConnectivityValidated(ConnectivityManager) in androidx/media  (800 written, 0 failed, 87s)
[801/1594] OK   isStorageNotLowRequired() in androidx/media  (801 written, 0 failed, 87s)
[802/1594] OK   isInternetConnectivityValidated(ConnectivityManager) in androidx/media  (802 written, 0 failed, 87s)
[803/1594] OK   isNetworkRequired() in androidx/media  (803 written, 0 failed, 87s)
[804/1594] OK   getMinVolume() in androidx/media  (804 written, 0 failed, 88s)
[805/1594] OK   StreamVolumeManager(Context,Handler,Listener) in androidx/media  (805 written, 0 failed, 88s)
[806/1594] OK   increaseVolume() in androidx/media  (806 written, 0 failed, 88s)
[807/1594] OK   getMutedFromManager(AudioManager,int) in androidx/media  (807 written, 0 failed, 88s)
[808/1594] OK   setSurfaceFrameRateV30(Surface,float) in androidx/media  (808 written, 0 failed, 88s)
[809/1594] OK   getName() in androidx/media  (809 written, 0 failed, 88s)
[810/1594] OK   createDecoderException(Throwable,MediaCodecInfo) in androidx/media  (810 written, 0 failed, 88s)
[811/1594] OK   stopAd(AdMediaInfo) in androidx/media  (811 written, 0 failed, 88s)
[812/1594] OK   setAdUiElements(Set<UiElement>) in androidx/media  (812 written, 0 failed, 88s)
[813/1594] OK   maybeNotifyInternalError(String,Exception) in androidx/media  (813 written, 0 failed, 88s)
[814/1594] OK   playAd(AdMediaInfo) in androidx/media  (814 written, 0 failed, 89s)
[815/1594] OK   destroyAdsManager() in androidx/media  (815 written, 0 failed, 89s)
[816/1594] OK   requestAds(ViewGroup) in androidx/media  (816 written, 0 failed, 89s)
[817/1594] OK   pauseAd(AdMediaInfo) in androidx/media  (817 written, 0 failed, 89s)
[818/1594] OK   setPlayer(Player) in androidx/media  (818 written, 0 failed, 89s)
[819/1594] OK   createImaSdkSettings() in androidx/media  (819 written, 0 failed, 89s)
[820/1594] OK   stopAd(AdMediaInfo) in androidx/media  (820 written, 0 failed, 89s)
[821/1594] OK   onPlaybackStateChanged(int) in androidx/media  (821 written, 0 failed, 89s)
[822/1594] OK   playAd(AdMediaInfo) in androidx/media  (822 written, 0 failed, 90s)
[823/1594] OK   createAdDisplayContainer() in androidx/media  (823 written, 0 failed, 90s)
[824/1594] OK   handlePrepareError(int,int,IOException) in androidx/media  (824 written, 0 failed, 90s)
[825/1594] OK   pauseAd(AdMediaInfo) in androidx/media  (825 written, 0 failed, 90s)
[826/1594] OK   setAdUiElements(Set<UiElement>) in androidx/media  (826 written, 0 failed, 90s)
[827/1594] OK   setMaxMediaBitrate(int) in androidx/media  (827 written, 0 failed, 90s)
[828/1594] OK   resetInternal(boolean,boolean,boolean,boolean,boolean) in androidx/media  (828 written, 0 failed, 90s)
[829/1594] OK   updateIsLoading() in androidx/media  (829 written, 0 failed, 90s)
[830/1594] OK   updatePeriods() in androidx/media  (830 written, 0 failed, 90s)
[831/1594] OK   release() in androidx/media  (831 written, 0 failed, 90s)
[832/1594] OK   getChildPeriodUid(Object) in androidx/media  (832 written, 0 failed, 91s)
[833/1594] OK   enableMediaSource(MediaSourceHolder) in androidx/media  (833 written, 0 failed, 91s)
[834/1594] OK   decode(ParsableByteArray) in androidx/media  (834 written, 0 failed, 91s)
[835/1594] OK   decode(MetadataInputBuffer) in androidx/media  (835 written, 0 failed, 91s)
[836/1594] OK   decode(ParsableByteArray) in androidx/media  (836 written, 0 failed, 91s)
[837/1594] OK   decode(MetadataInputBuffer) in androidx/media  (837 written, 0 failed, 91s)
[838/1594] OK   getNetworkType(Context) in androidx/media  (838 written, 0 failed, 91s)
[839/1594] OK   newSingleThreadExecutor(String) in androidx/media  (839 written, 0 failed, 91s)
[840/1594] OK   checkCleartextTrafficPermitted(Uri[]) in androidx/media  (840 written, 0 failed, 91s)
[841/1594] OK   getNetworkType(Context) in androidx/media  (841 written, 0 failed, 91s)
[842/1594] OK   startForegroundService(Context,Intent) in androidx/media  (842 written, 0 failed, 92s)
[843/1594] OK   getCodecsOfType(String,int) in androidx/media  (843 written, 0 failed, 92s)
[844/1594] OK   render(long,long) in androidx/media  (844 written, 0 failed, 92s)
[845/1594] OK   resetOutputBuffer() in androidx/media  (845 written, 0 failed, 92s)
[846/1594] OK   codecNeedsEosFlushWorkaround(String) in androidx/media  (846 written, 0 failed, 92s)
[847/1594] OK   onCreate(Bundle) in androidx/media  (847 written, 0 failed, 92s)
[848/1594] OK   getItemCount() in androidx/media  (848 written, 0 failed, 92s)
[849/1594] OK   dispatchKeyEvent(KeyEvent) in androidx/media  (849 written, 0 failed, 92s)
[850/1594] OK   onCreate(Bundle) in androidx/media  (850 written, 0 failed, 92s)
[851/1594] OK   QueueItemViewHolder(TextView) in androidx/media  (851 written, 0 failed, 92s)
[852/1594] OK   run() in androidx/media  (852 written, 0 failed, 92s)
[853/1594] OK   init(int) in androidx/media  (853 written, 0 failed, 93s)
[854/1594] OK   decode() in androidx/media  (854 written, 0 failed, 93s)
[855/1594] OK   run() in androidx/media  (855 written, 0 failed, 93s)
[856/1594] OK   setInitialInputBufferSize(int) in androidx/media  (856 written, 0 failed, 93s)
[857/1594] OK   decode(byte[],int,boolean) in androidx/media  (857 written, 0 failed, 93s)
[858/1594] OK   Tx3gDecoder() in androidx/media  (858 written, 0 failed, 93s)
[859/1594] OK   resetInternal() in androidx/media  (859 written, 0 failed, 93s)
[860/1594] OK   updatePositionUs() in androidx/media  (860 written, 0 failed, 93s)
[861/1594] OK   reselectTracksInternal() in androidx/media  (861 written, 0 failed, 93s)
[862/1594] OK   parse(InputStream) in androidx/media  (862 written, 0 failed, 94s)
[863/1594] OK   parsePositionAnchor(String) in androidx/media  (863 written, 0 failed, 94s)
[864/1594] OK   parsePositionAttribute(String,PositionHolder) in androidx/media  (864 written, 0 failed, 94s)
[865/1594] OK   hasAttribute(String,String[]) in deeplearning4j/deeplearning4j  (865 written, 0 failed, 94s)
[866/1594] OK   openGroups(String) in deeplearning4j/deeplearning4j  (866 written, 0 failed, 94s)
[867/1594] OK   openGroups(String[]) in deeplearning4j/deeplearning4j  (867 written, 0 failed, 94s)
[868/1594] OK   readAttributeAsFixedLengthString(String,int) in deeplearning4j/deeplearning4j  (868 written, 0 failed, 94s)
[869/1594] OK   doExec(List<BatchItem<T>>,INDArray) in deeplearning4j/deeplearning4j  (869 written, 0 failed, 94s)
[870/1594] OK   getBatch() in deeplearning4j/deeplearning4j  (870 written, 0 failed, 95s)
[871/1594] OK   save(OutputStream,ILearning) in deeplearning4j/deeplearning4j  (871 written, 0 failed, 95s)
[872/1594] OK   save(ILearning) in deeplearning4j/deeplearning4j  (872 written, 0 failed, 95s)
[873/1594] OK   DataManager(boolean) in deeplearning4j/deeplearning4j  (873 written, 0 failed, 95s)
[874/1594] OK   save(OutputStream,ILearning) in deeplearning4j/deeplearning4j  (874 written, 0 failed, 95s)
[875/1594] OK   DataManager(String,boolean) in deeplearning4j/deeplearning4j  (875 written, 0 failed, 95s)
[876/1594] OK   getModelDir() in deeplearning4j/deeplearning4j  (876 written, 0 failed, 95s)
[877/1594] OK   readSplit(String[]) in deeplearning4j/deeplearning4j  (877 written, 0 failed, 95s)
[878/1594] OK   pad(INDArray,int[][],List<double[]>,PadMode) in deeplearning4j/deeplearning4j  (878 written, 0 failed, 95s)
[879/1594] OK   getEnsuredShape(int[]) in deeplearning4j/deeplearning4j  (879 written, 0 failed, 96s)
[880/1594] OK   diff(List<SDVariable>) in deeplearning4j/deeplearning4j  (880 written, 0 failed, 96s)
[881/1594] OK   configFieldName() in deeplearning4j/deeplearning4j  (881 written, 0 failed, 96s)
[882/1594] OK   DifferentialFunction() in deeplearning4j/deeplearning4j  (882 written, 0 failed, 96s)
[883/1594] OK   readVars(String,String,String) in deeplearning4j/deeplearning4j  (883 written, 0 failed, 96s)
[884/1594] OK   getDefaultBaseDir() in deeplearning4j/deeplearning4j  (884 written, 0 failed, 96s)
[885/1594] OK   fetchTestParams(String,ExecuteWith) in deeplearning4j/deeplearning4j  (885 written, 0 failed, 96s)
[886/1594] OK   checkOnlyOutput(Map<String,INDArray>,Map<String,INDArray>,String,String,ExecuteWith) in deeplearning4j/deeplearning4j  (886 written, 0 failed, 96s)
[887/1594] OK   fetchTestParams(ExecuteWith) in deeplearning4j/deeplearning4j  (887 written, 0 failed, 96s)
[888/1594] OK   convertDataSet(int) in deeplearning4j/deeplearning4j  (888 written, 0 failed, 97s)
[889/1594] OK   asMatrix(InputStream) in deeplearning4j/deeplearning4j  (889 written, 0 failed, 97s)
[890/1594] OK   setInputStream() in deeplearning4j/deeplearning4j  (890 written, 0 failed, 97s)
[891/1594] OK   upload(String,String) in deeplearning4j/deeplearning4j  (891 written, 0 failed, 97s)
[892/1594] OK   step(A) in deeplearning4j/deeplearning4j  (892 written, 0 failed, 97s)
[893/1594] OK   getEnvId() in deeplearning4j/deeplearning4j  (893 written, 0 failed, 97s)
[894/1594] OK   getGradient(INDArray,int) in deeplearning4j/deeplearning4j  (894 written, 0 failed, 97s)
[895/1594] OK   combine(GradientUpdaterAggregator) in deeplearning4j/deeplearning4j  (895 written, 0 failed, 97s)
[896/1594] OK   AdaGrad(int,int,double) in deeplearning4j/deeplearning4j  (896 written, 0 failed, 97s)
[897/1594] OK   convertWritables(List<Collection<Writable>>,int,SubsetDetails) in deeplearning4j/deeplearning4j  (897 written, 0 failed, 98s)
[898/1594] OK   next(int) in deeplearning4j/deeplearning4j  (898 written, 0 failed, 98s)
[899/1594] OK   Builder(int) in deeplearning4j/deeplearning4j  (899 written, 0 failed, 98s)
[900/1594] OK   getFeaturesLabelsSingleReader(Collection<Collection<Writable>>) in deeplearning4j/deeplearning4j  (900 written, 0 failed, 98s)
[901/1594] OK   SequenceRecordReaderDataSetIterator(SequenceRecordReader,int,int,int,boolean) in deeplearning4j/deeplearning4j  (901 written, 0 failed, 98s)
[902/1594] OK   getFeatures(Collection<Collection<Writable>>) in deeplearning4j/deeplearning4j  (902 written, 0 failed, 98s)
[903/1594] OK   setPreProcessor(DataSetPreProcessor) in deeplearning4j/deeplearning4j  (903 written, 0 failed, 99s)
[904/1594] OK   call(Collection<Collection<Writable>>) in deeplearning4j/deeplearning4j  (904 written, 0 failed, 99s)
[905/1594] OK   CanovaSequenceDataSetFunction(int,int,boolean,DataSetPreProcessor,WritableConverter) in deeplearning4j/deeplearning4j  (905 written, 0 failed, 99s)
[906/1594] OK   CanovaSequenceDataSetFunction(int,int,boolean) in deeplearning4j/deeplearning4j  (906 written, 0 failed, 99s)
[907/1594] OK   convertWritables(List<Collection<Writable>>,int,SubsetDetails) in deeplearning4j/deeplearning4j  (907 written, 0 failed, 99s)
[908/1594] OK   addOutputOneHot(String,int,int) in deeplearning4j/deeplearning4j  (908 written, 0 failed, 100s)
[909/1594] OK   Builder(int) in deeplearning4j/deeplearning4j  (909 written, 0 failed, 100s)
[910/1594] OK   getFeaturesLabelsSingleReader(Collection<Collection<Writable>>) in deeplearning4j/deeplearning4j  (910 written, 0 failed, 100s)
[911/1594] OK   totalExamples() in deeplearning4j/deeplearning4j  (911 written, 0 failed, 100s)
[912/1594] OK   getFeatures(Collection<Collection<Writable>>) in deeplearning4j/deeplearning4j  (912 written, 0 failed, 100s)
[913/1594] OK   SequenceRecordReaderDataSetIterator(SequenceRecordReader,SequenceRecordReader,int,int,boolean) in deeplearning4j/deeplearning4j  (913 written, 0 failed, 100s)
[914/1594] OK   call(Collection<Collection<Writable>>) in deeplearning4j/deeplearning4j  (914 written, 0 failed, 100s)
[915/1594] OK   CanovaSequenceDataSetFunction(int,int,boolean) in deeplearning4j/deeplearning4j  (915 written, 0 failed, 100s)
[916/1594] OK   CanovaSequenceDataSetFunction(int,int,boolean,DataSetPreProcessor,WritableConverter) in deeplearning4j/deeplearning4j  (916 written, 0 failed, 101s)
[917/1594] OK   asFloat() in deeplearning4j/deeplearning4j  (917 written, 0 failed, 101s)
[918/1594] OK   getBuffer(long) in deeplearning4j/deeplearning4j  (918 written, 0 failed, 101s)
[919/1594] OK   getFloatBuffer() in deeplearning4j/deeplearning4j  (919 written, 0 failed, 101s)
[920/1594] OK   fit(List<Tree>) in deeplearning4j/deeplearning4j  (920 written, 0 failed, 101s)
[921/1594] OK   predict(List<Tree>) in deeplearning4j/deeplearning4j  (921 written, 0 failed, 101s)
[922/1594] OK   setUnaryClassificationSize(int) in deeplearning4j/deeplearning4j  (922 written, 0 failed, 101s)
[923/1594] OK   fit(List<Tree>) in deeplearning4j/deeplearning4j  (923 written, 0 failed, 101s)
[924/1594] OK   randomTransformBlock() in deeplearning4j/deeplearning4j  (924 written, 0 failed, 101s)
[925/1594] OK   getPath(Context,Uri) in LuckSiege/PictureSelector  (925 written, 0 failed, 101s)
[926/1594] OK   isGif(String) in LuckSiege/PictureSelector  (926 written, 0 failed, 101s)
[927/1594] OK   getCreateFileName(String) in LuckSiege/PictureSelector  (927 written, 0 failed, 101s)
[928/1594] OK   codingToCanonical(IBaseCoding) in hapifhir/hapi-fhir  (928 written, 0 failed, 101s)
[929/1594] OK   codeSystemToCanonical(IBaseResource) in hapifhir/hapi-fhir  (929 written, 0 failed, 101s)
[930/1594] OK   resolveResourcePersistentIdsWithCache(RequestPartitionId,List<IIdType>) in hapifhir/hapi-fhir  (930 written, 0 failed, 102s)
[931/1594] OK   resourceIdFromPidOrThrowException(Long) in hapifhir/hapi-fhir  (931 written, 0 failed, 102s)
[932/1594] OK   translatePidsToForcedIds(Set<Long>) in hapifhir/hapi-fhir  (932 written, 0 failed, 102s)
[933/1594] OK   fetchResource(Class<T>,String) in hapifhir/hapi-fhir  (933 written, 0 failed, 102s)
[934/1594] OK   hasResource(Class<T>,String) in hapifhir/hapi-fhir  (934 written, 0 failed, 102s)
[935/1594] OK   getExpander() in hapifhir/hapi-fhir  (935 written, 0 failed, 102s)
[936/1594] OK   fetchResource(Class<T>,String) in hapifhir/hapi-fhir  (936 written, 0 failed, 103s)
[937/1594] OK   setLogger(ILoggingService) in hapifhir/hapi-fhir  (937 written, 0 failed, 103s)
[938/1594] OK   getAbbreviation(String) in hapifhir/hapi-fhir  (938 written, 0 failed, 103s)
[939/1594] OK   attributeValue(String,String) in hapifhir/hapi-fhir  (939 written, 0 failed, 103s)
[940/1594] OK   endingElement() in hapifhir/hapi-fhir  (940 written, 0 failed, 103s)
[941/1594] OK   isEmpty(List<? extends IBase>) in hapifhir/hapi-fhir  (941 written, 0 failed, 103s)
[942/1594] OK   isEmpty(Object[]) in hapifhir/hapi-fhir  (942 written, 0 failed, 103s)
[943/1594] OK   addElement(ArrayList<T>,IElement,Class<T>) in hapifhir/hapi-fhir  (943 written, 0 failed, 103s)
[944/1594] OK   getOrCreateInputFactory() in hapifhir/hapi-fhir  (944 written, 0 failed, 103s)
[945/1594] OK   createXmlWriter(Writer) in hapifhir/hapi-fhir  (945 written, 0 failed, 103s)
[946/1594] OK   resolveEntity(String,String,String,String) in hapifhir/hapi-fhir  (946 written, 0 failed, 104s)
[947/1594] OK   checkAddress(List<ValidationMessage>,String,WrapperElement,Address) in hapifhir/hapi-fhir  (947 written, 0 failed, 104s)
[948/1594] OK   isAnyExtensionsAllowed() in hapifhir/hapi-fhir  (948 written, 0 failed, 104s)
[949/1594] OK   determineResponseEncodingNoDefault(HttpServletRequest) in hapifhir/hapi-fhir  (949 written, 0 failed, 104s)
[950/1594] OK   setValueAsString(String) in hapifhir/hapi-fhir  (950 written, 0 failed, 104s)
[951/1594] OK   getValueAsString() in hapifhir/hapi-fhir  (951 written, 0 failed, 104s)
[952/1594] OK   setValue(Integer) in hapifhir/hapi-fhir  (952 written, 0 failed, 104s)
[953/1594] OK   list(String,Filter<String>) in iterate-ch/cyberduck  (953 written, 0 failed, 104s)
[954/1594] OK   getInputStream(String) in iterate-ch/cyberduck  (954 written, 0 failed, 104s)
[955/1594] OK   parent(String) in iterate-ch/cyberduck  (955 written, 0 failed, 105s)
[956/1594] OK   releaseShare(DiskShare) in iterate-ch/cyberduck  (956 written, 0 failed, 105s)
[957/1594] OK   create() in iterate-ch/cyberduck  (957 written, 0 failed, 105s)
[958/1594] OK   connect(Proxy,HostKeyCallback,LoginCallback,CancelCallback) in iterate-ch/cyberduck  (958 written, 0 failed, 105s)
[959/1594] OK   releaseShare(Path) in iterate-ch/cyberduck  (959 written, 0 failed, 105s)
[960/1594] OK   SMBSession(Host) in iterate-ch/cyberduck  (960 written, 0 failed, 105s)
[961/1594] OK   login(Proxy,LoginCallback,CancelCallback) in iterate-ch/cyberduck  (961 written, 0 failed, 105s)
[962/1594] OK   toAttributes(StorageObject) in iterate-ch/cyberduck  (962 written, 0 failed, 106s)
[963/1594] OK   getDescription() in iterate-ch/cyberduck  (963 written, 0 failed, 106s)
[964/1594] OK   prepare(Path,Local,TransferStatus,ProgressListener) in iterate-ch/cyberduck  (964 written, 0 failed, 106s)
[965/1594] OK   findSegmentSize(long,int,long,long,long) in iterate-ch/cyberduck  (965 written, 0 failed, 106s)
[966/1594] OK   deserialize(T) in iterate-ch/cyberduck  (966 written, 0 failed, 106s)
[967/1594] OK   PathDictionary(DeserializerFactory) in iterate-ch/cyberduck  (967 written, 0 failed, 106s)
[968/1594] OK   PathDictionary() in iterate-ch/cyberduck  (968 written, 0 failed, 106s)
[969/1594] OK   deletePassword(String,String) in iterate-ch/cyberduck  (969 written, 0 failed, 106s)
[970/1594] OK   createAttributes(String) in iterate-ch/cyberduck  (970 written, 0 failed, 106s)
[971/1594] OK   getPassword(Scheme,int,String,String) in iterate-ch/cyberduck  (971 written, 0 failed, 107s)
[972/1594] OK   register() in iterate-ch/cyberduck  (972 written, 0 failed, 107s)
[973/1594] OK   hasUpdatePrivileges() in iterate-ch/cyberduck  (973 written, 0 failed, 107s)
[974/1594] OK   AbstractPeriodicUpdateChecker(Controller,Duration) in iterate-ch/cyberduck  (974 written, 0 failed, 107s)
[975/1594] OK   toCleartextSize(long) in iterate-ch/cyberduck  (975 written, 0 failed, 107s)
[976/1594] OK   getDirectoryProvider() in iterate-ch/cyberduck  (976 written, 0 failed, 107s)
[977/1594] OK   getHome() in iterate-ch/cyberduck  (977 written, 0 failed, 107s)
[978/1594] OK   isCertificateConfigurable() in iterate-ch/cyberduck  (978 written, 0 failed, 107s)
[979/1594] OK   isUTCTimezone() in iterate-ch/cyberduck  (979 written, 0 failed, 107s)
[980/1594] OK   read(Path,TransferStatus,ConnectionCallback) in iterate-ch/cyberduck  (980 written, 0 failed, 107s)
[981/1594] OK   offset(Path) in iterate-ch/cyberduck  (981 written, 0 failed, 107s)
[982/1594] OK   MantaReadFeature(MantaSession) in iterate-ch/cyberduck  (982 written, 0 failed, 107s)
[983/1594] OK   getScheme() in iterate-ch/cyberduck  (983 written, 0 failed, 107s)
[984/1594] OK   getPasswordPlaceholder() in iterate-ch/cyberduck  (984 written, 0 failed, 107s)
[985/1594] OK   getOAuthClientSecret() in iterate-ch/cyberduck  (985 written, 0 failed, 107s)
[986/1594] OK   upgrade(Session<?>,KeyFile,CharSequence) in iterate-ch/cyberduck  (986 written, 0 failed, 108s)
[987/1594] OK   getFilenameProvider() in iterate-ch/cyberduck  (987 written, 0 failed, 108s)
[988/1594] OK   hashCode() in iterate-ch/cyberduck  (988 written, 0 failed, 108s)
[989/1594] OK   getKeys(Path,LoginCallback) in iterate-ch/cyberduck  (989 written, 0 failed, 108s)
[990/1594] OK   AliasedAlgorithm(KeyListEntry,String,Name) in iterate-ch/cyberduck  (990 written, 0 failed, 108s)
[991/1594] OK   authenticated(Authenticated<T>,LoginCallback) in iterate-ch/cyberduck  (991 written, 0 failed, 108s)
[992/1594] OK   load(Path,LoginCallback) in iterate-ch/cyberduck  (992 written, 0 failed, 109s)
[993/1594] OK   getCryptor() in iterate-ch/cyberduck  (993 written, 0 failed, 109s)
[994/1594] OK   SessionCryptomatorLoader(Session) in iterate-ch/cyberduck  (994 written, 0 failed, 109s)
[995/1594] OK   failure(Exception,Exception) in iterate-ch/cyberduck  (995 written, 0 failed, 109s)
[996/1594] OK   getActions() in iterate-ch/cyberduck  (996 written, 0 failed, 109s)
[997/1594] OK   background(BackgroundAction<T>) in iterate-ch/cyberduck  (997 written, 0 failed, 109s)
[998/1594] OK   create(String) in iterate-ch/cyberduck  (998 written, 0 failed, 109s)
[999/1594] OK   getDefault() in iterate-ch/cyberduck  (999 written, 0 failed, 110s)
[1000/1594] OK   label() in iterate-ch/cyberduck  (1000 written, 0 failed, 110s)
[1001/1594] OK   getDouble(String) in iterate-ch/cyberduck  (1001 written, 0 failed, 110s)
[1002/1594] OK   save() in iterate-ch/cyberduck  (1002 written, 0 failed, 110s)
[1003/1594] OK   load() in iterate-ch/cyberduck  (1003 written, 0 failed, 110s)
[1004/1594] OK   getFloat(String) in iterate-ch/cyberduck  (1004 written, 0 failed, 110s)
[1005/1594] OK   getDisplayName(String) in iterate-ch/cyberduck  (1005 written, 0 failed, 110s)
[1006/1594] OK   setProperty(String,double) in iterate-ch/cyberduck  (1006 written, 0 failed, 110s)
[1007/1594] OK   release(Session) in iterate-ch/cyberduck  (1007 written, 0 failed, 110s)
[1008/1594] OK   toString() in iterate-ch/cyberduck  (1008 written, 0 failed, 110s)
[1009/1594] OK   createSocket(InetAddress,int,InetAddress,int) in iterate-ch/cyberduck  (1009 written, 0 failed, 110s)
[1010/1594] OK   ProxySocketFactory(Protocol,TrustManagerHostnameCallback) in iterate-ch/cyberduck  (1010 written, 0 failed, 110s)
[1011/1594] OK   createSocket(String,int,InetAddress,int) in iterate-ch/cyberduck  (1011 written, 0 failed, 110s)
[1012/1594] OK   find(CommandLine,TerminalAction,Path) in iterate-ch/cyberduck  (1012 written, 0 failed, 110s)
[1013/1594] OK   find(Host) in iterate-ch/cyberduck  (1013 written, 0 failed, 111s)
[1014/1594] OK   usePassiveFTPNative() in iterate-ch/cyberduck  (1014 written, 0 failed, 111s)
[1015/1594] OK   findNative(String) in iterate-ch/cyberduck  (1015 written, 0 failed, 111s)
[1016/1594] OK   getInteger(String) in iterate-ch/cyberduck  (1016 written, 0 failed, 111s)
[1017/1594] OK   getDefault(String) in iterate-ch/cyberduck  (1017 written, 0 failed, 111s)
[1018/1594] OK   setProperty(String,boolean) in iterate-ch/cyberduck  (1018 written, 0 failed, 111s)
[1019/1594] OK   getLong(String) in iterate-ch/cyberduck  (1019 written, 0 failed, 111s)
[1020/1594] OK   getList(String) in iterate-ch/cyberduck  (1020 written, 0 failed, 111s)
[1021/1594] OK   setProperty(String,int) in iterate-ch/cyberduck  (1021 written, 0 failed, 111s)
[1022/1594] OK   noop() in iterate-ch/cyberduck  (1022 written, 0 failed, 111s)
[1023/1594] OK   sendCommand(String) in iterate-ch/cyberduck  (1023 written, 0 failed, 111s)
[1024/1594] OK   list() in iterate-ch/cyberduck  (1024 written, 0 failed, 112s)
[1025/1594] OK   DAVPath(DAVSession,String,Local) in iterate-ch/cyberduck  (1025 written, 0 failed, 112s)
[1026/1594] OK   factory() in iterate-ch/cyberduck  (1026 written, 0 failed, 112s)
[1027/1594] OK   filter(TransferAction) in iterate-ch/cyberduck  (1027 written, 0 failed, 112s)
[1028/1594] OK   DownloadTransfer(NSDictionary,Session) in iterate-ch/cyberduck  (1028 written, 0 failed, 112s)
[1029/1594] OK   portInputDidEndEditing(NSNotification) in iterate-ch/cyberduck  (1029 written, 0 failed, 112s)
[1030/1594] OK   windowWillClose(NSNotification) in iterate-ch/cyberduck  (1030 written, 0 failed, 112s)
[1031/1594] OK   encodingSelectionChanged(NSPopUpButton) in iterate-ch/cyberduck  (1031 written, 0 failed, 112s)
[1032/1594] OK   getPermission() in iterate-ch/cyberduck  (1032 written, 0 failed, 112s)
[1033/1594] OK   getSymbolicLinkPath() in iterate-ch/cyberduck  (1033 written, 0 failed, 112s)
[1034/1594] OK   isReadable() in iterate-ch/cyberduck  (1034 written, 0 failed, 112s)
[1035/1594] OK   readPermission() in iterate-ch/cyberduck  (1035 written, 0 failed, 113s)
[1036/1594] OK   SFTPPath(SFTPSession,String,String) in iterate-ch/cyberduck  (1036 written, 0 failed, 113s)
[1037/1594] OK   mkdir(boolean) in iterate-ch/cyberduck  (1037 written, 0 failed, 113s)
[1038/1594] OK   isSecure() in iterate-ch/cyberduck  (1038 written, 0 failed, 113s)
[1039/1594] OK   create(Host) in iterate-ch/cyberduck  (1039 written, 0 failed, 113s)
[1040/1594] OK   connect() in iterate-ch/cyberduck  (1040 written, 0 failed, 113s)
[1041/1594] OK   logReply(String) in iterate-ch/cyberduck  (1041 written, 0 failed, 113s)
[1042/1594] OK   FTPSSession(Host) in iterate-ch/cyberduck  (1042 written, 0 failed, 113s)
[1043/1594] OK   getPermission() in iterate-ch/cyberduck  (1043 written, 0 failed, 113s)
[1044/1594] OK   OS2FTPEntryParser() in iterate-ch/cyberduck  (1044 written, 0 failed, 113s)
[1045/1594] OK   message(ChatRoomIrcImpl,String) in jitsi/jitsi  (1045 written, 0 failed, 114s)
[1046/1594] OK   calculateMaximumMessageSize(int,String) in jitsi/jitsi  (1046 written, 0 failed, 114s)
[1047/1594] OK   command(Contact,MessageIrcImpl) in jitsi/jitsi  (1047 written, 0 failed, 114s)
[1048/1594] OK   parseISupportAwayLen(IIRCState) in jitsi/jitsi  (1048 written, 0 failed, 114s)
[1049/1594] OK   onUserQuit(QuitMessage) in jitsi/jitsi  (1049 written, 0 failed, 114s)
[1050/1594] OK   LocalUserPresenceListener() in jitsi/jitsi  (1050 written, 0 failed, 114s)
[1051/1594] OK   unsubscribe(Contact) in jitsi/jitsi  (1051 written, 0 failed, 114s)
[1052/1594] OK   moveContactToGroup(Contact,ContactGroup) in jitsi/jitsi  (1052 written, 0 failed, 114s)
[1053/1594] OK   updatePresenceStatus(PresenceStatus,PresenceStatus) in jitsi/jitsi  (1053 written, 0 failed, 114s)
[1054/1594] OK   subscribe(ContactGroup,String) in jitsi/jitsi  (1054 written, 0 failed, 114s)
[1055/1594] OK   findOrCreateContactByID(String) in jitsi/jitsi  (1055 written, 0 failed, 114s)
[1056/1594] OK   command(String,String) in jitsi/jitsi  (1056 written, 0 failed, 114s)
[1057/1594] OK   command(Contact,MessageIrcImpl) in jitsi/jitsi  (1057 written, 0 failed, 115s)
[1058/1594] OK   onUserNotice(UserNotice) in jitsi/jitsi  (1058 written, 0 failed, 115s)
[1059/1594] OK   fireMessageDeliveryFailedEvent(int,String,Date,Message) in jitsi/jitsi  (1059 written, 0 failed, 115s)
[1060/1594] OK   isPersistent() in jitsi/jitsi  (1060 written, 0 failed, 115s)
[1061/1594] OK   removeMemberPropertyChangeListener(ChatRoomMemberPropertyChangeListener) in jitsi/jitsi  (1061 written, 0 failed, 115s)
[1062/1594] OK   fireMessageReceivedEvent(Message,ChatRoomMember,Date,int) in jitsi/jitsi  (1062 written, 0 failed, 115s)
[1063/1594] OK   join(byte[]) in jitsi/jitsi  (1063 written, 0 failed, 115s)
[1064/1594] OK   fireMemberPresenceEvent(ChatRoomMember,ChatRoomMember,String,String) in jitsi/jitsi  (1064 written, 0 failed, 115s)
[1065/1594] OK   fireMessageDeliveredEvent(Message) in jitsi/jitsi  (1065 written, 0 failed, 115s)
[1066/1594] OK   getUserNickname() in jitsi/jitsi  (1066 written, 0 failed, 115s)
[1067/1594] OK   clearChatRoomMemberList() in jitsi/jitsi  (1067 written, 0 failed, 116s)
[1068/1594] OK   isOfflineMessagingSupported() in jitsi/jitsi  (1068 written, 0 failed, 116s)
[1069/1594] OK   fireMessageDelivered(Message,Contact) in jitsi/jitsi  (1069 written, 0 failed, 116s)
[1070/1594] OK   OperationSetMultiUserChatIrcImpl(ProtocolProviderServiceIrcImpl) in jitsi/jitsi  (1070 written, 0 failed, 116s)
[1071/1594] OK   findSystemRoom() in jitsi/jitsi  (1071 written, 0 failed, 116s)
[1072/1594] OK   setUserNickname(String) in jitsi/jitsi  (1072 written, 0 failed, 116s)
[1073/1594] OK   kickParticipant(ChatRoomMember,String) in jitsi/jitsi  (1073 written, 0 failed, 116s)
[1074/1594] OK   getIdentifier() in jitsi/jitsi  (1074 written, 0 failed, 116s)
[1075/1594] OK   getConfigurationForm() in jitsi/jitsi  (1075 written, 0 failed, 116s)
[1076/1594] OK   message(Contact,Message) in jitsi/jitsi  (1076 written, 0 failed, 116s)
[1077/1594] OK   getNick() in jitsi/jitsi  (1077 written, 0 failed, 116s)
[1078/1594] OK   onChannelMode(ChannelModeMessage) in jitsi/jitsi  (1078 written, 0 failed, 116s)
[1079/1594] OK   onUserAction(UserActionMsg) in jitsi/jitsi  (1079 written, 0 failed, 116s)
[1080/1594] OK   setUserNickname(String) in jitsi/jitsi  (1080 written, 0 failed, 116s)
[1081/1594] OK   openChatRoomWindow(ChatRoomIrcImpl) in jitsi/jitsi  (1081 written, 0 failed, 117s)
[1082/1594] OK   onError(ErrorMessage) in jitsi/jitsi  (1082 written, 0 failed, 117s)
[1083/1594] OK   isThisChatRoom(String) in jitsi/jitsi  (1083 written, 0 failed, 117s)
[1084/1594] OK   disconnect() in jitsi/jitsi  (1084 written, 0 failed, 117s)
[1085/1594] OK   extractChatRoomMember(ChannelModeMessage) in jitsi/jitsi  (1085 written, 0 failed, 117s)
[1086/1594] OK   ChatRoomListener(ChatRoomIrcImpl) in jitsi/jitsi  (1086 written, 0 failed, 117s)
[1087/1594] OK   parse(String) in jitsi/jitsi  (1087 written, 0 failed, 117s)
[1088/1594] OK   isAdded() in jitsi/jitsi  (1088 written, 0 failed, 117s)
[1089/1594] OK   process(boolean,char) in jitsi/jitsi  (1089 written, 0 failed, 117s)
[1090/1594] OK   onChannelPart(ChanPartMessage) in jitsi/jitsi  (1090 written, 0 failed, 117s)
[1091/1594] OK   isSecureConnection() in jitsi/jitsi  (1091 written, 0 failed, 117s)
[1092/1594] OK   getSortedEnabledEncryptionProtocolList() in jitsi/jitsi  (1092 written, 0 failed, 118s)
[1093/1594] OK   setAuthorizationName(String) in jitsi/jitsi  (1093 written, 0 failed, 118s)
[1094/1594] OK   getLong(String,long) in jitsi/jitsi  (1094 written, 0 failed, 118s)
[1095/1594] OK   addPropertyChangeListener(PropertyChangeListener) in jitsi/jitsi  (1095 written, 0 failed, 118s)
[1096/1594] OK   getInt(String,int) in jitsi/jitsi  (1096 written, 0 failed, 118s)
[1097/1594] OK   getProperty(String) in jitsi/jitsi  (1097 written, 0 failed, 118s)
[1098/1594] OK   fireChange(String,Object,Object) in jitsi/jitsi  (1098 written, 0 failed, 118s)
[1099/1594] OK   start(BundleContext) in jitsi/jitsi  (1099 written, 0 failed, 118s)
[1100/1594] OK   stop(BundleContext) in jitsi/jitsi  (1100 written, 0 failed, 118s)
[1101/1594] OK   chmod(String,int) in jitsi/jitsi  (1101 written, 0 failed, 118s)
[1102/1594] OK   getProviderForAccount(AccountID) in jitsi/jitsi  (1102 written, 0 failed, 118s)
[1103/1594] OK   loadAccount(Map<String,String>) in jitsi/jitsi  (1103 written, 0 failed, 118s)
[1104/1594] OK   uninstallAccount(AccountID) in jitsi/jitsi  (1104 written, 0 failed, 119s)
[1105/1594] OK   processOffer(List<ContentPacketExtension>) in jitsi/jitsi  (1105 written, 0 failed, 119s)
[1106/1594] OK   CallPeerMediaHandlerJabberImpl(CallPeerJabberImpl) in jitsi/jitsi  (1106 written, 0 failed, 119s)
[1107/1594] OK   getTransportManager() in jitsi/jitsi  (1107 written, 0 failed, 119s)
[1108/1594] OK   createSessionUpdateDescription(SessionDescription,InetAddress,Vector<MediaDescription>) in jitsi/jitsi  (1108 written, 0 failed, 119s)
[1109/1594] OK   parseSdpString(String) in jitsi/jitsi  (1109 written, 0 failed, 119s)
[1110/1594] OK   parseRTPExtensionAttribute(String,DynamicRTPExtensionsRegistry) in jitsi/jitsi  (1110 written, 0 failed, 120s)
[1111/1594] OK   processAnswer(SessionDescription) in jitsi/jitsi  (1111 written, 0 failed, 120s)
[1112/1594] OK   processAnswer(String) in jitsi/jitsi  (1112 written, 0 failed, 120s)
[1113/1594] OK   getMediaService() in jitsi/jitsi  (1113 written, 0 failed, 120s)
[1114/1594] OK   createMediaDescriptionsForAnswer(SessionDescription) in jitsi/jitsi  (1114 written, 0 failed, 120s)
[1115/1594] OK   updateMediaDescriptionForZrtp(MediaType,MediaDescription) in jitsi/jitsi  (1115 written, 0 failed, 121s)
[1116/1594] OK   getCallInfoURL() in jitsi/jitsi  (1116 written, 0 failed, 121s)
[1117/1594] OK   answer() in jitsi/jitsi  (1117 written, 0 failed, 121s)
[1118/1594] OK   processContentModify(JingleIQ) in jitsi/jitsi  (1118 written, 0 failed, 121s)
[1119/1594] OK   CallPeerJabberImpl(String,CallJabberImpl) in jitsi/jitsi  (1119 written, 0 failed, 121s)
[1120/1594] OK   getStyleResources() in jitsi/jitsi  (1120 written, 0 failed, 121s)
[1121/1594] OK   findResourcePaths(String,String) in jitsi/jitsi  (1121 written, 0 failed, 121s)
[1122/1594] OK   initColorPluginResources(Map<String,String>) in jitsi/jitsi  (1122 written, 0 failed, 121s)
[1123/1594] OK   getImageResources() in jitsi/jitsi  (1123 written, 0 failed, 122s)
[1124/1594] OK   initResources(ResourceBundle,Map<String,String>) in jitsi/jitsi  (1124 written, 0 failed, 122s)
[1125/1594] OK   getColorResources() in jitsi/jitsi  (1125 written, 0 failed, 122s)
[1126/1594] OK   start(BundleContext) in jitsi/jitsi  (1126 written, 0 failed, 122s)
[1127/1594] OK   stop(BundleContext) in jitsi/jitsi  (1127 written, 0 failed, 122s)
[1128/1594] OK   stopSendStreaming(RTPManager) in jitsi/jitsi  (1128 written, 0 failed, 122s)
[1129/1594] OK   sendInviteRequest(CallParticipantSipImpl,String) in jitsi/jitsi  (1129 written, 0 failed, 122s)
[1130/1594] OK   toString() in jitsi/jitsi  (1130 written, 0 failed, 122s)
[1131/1594] OK   start() in jitsi/jitsi  (1131 written, 0 failed, 122s)
[1132/1594] OK   propertyChange(PropertyChangeEvent) in jitsi/jitsi  (1132 written, 0 failed, 122s)
[1133/1594] OK   getPublicAddressFor(InetAddress,int) in jitsi/jitsi  (1133 written, 0 failed, 123s)
[1134/1594] OK   installAccount(ProtocolProviderFactory,String,String) in jitsi/jitsi  (1134 written, 0 failed, 123s)
[1135/1594] OK   getProtocolDescription() in jitsi/jitsi  (1135 written, 0 failed, 123s)
[1136/1594] OK   getPages() in jitsi/jitsi  (1136 written, 0 failed, 123s)
[1137/1594] OK   actionPerformed(ActionEvent) in jitsi/jitsi  (1137 written, 0 failed, 123s)
[1138/1594] OK   addProtocols(String[]) in jitsi/jitsi  (1138 written, 0 failed, 123s)
[1139/1594] OK   paint(Graphics) in jitsi/jitsi  (1139 written, 0 failed, 123s)
[1140/1594] OK   getCurrentNode(int) in apache/kylin  (1140 written, 0 failed, 123s)
[1141/1594] OK   getLocalhostName() in apache/kylin  (1141 written, 0 failed, 123s)
[1142/1594] OK   getCurrentNode(int) in apache/kylin  (1142 written, 0 failed, 123s)
[1143/1594] OK   getLocalhostName() in apache/kylin  (1143 written, 0 failed, 123s)
[1144/1594] OK   CuratorLeaderSelector(CuratorFramework,String,String,JobEngineConfig) in apache/kylin  (1144 written, 0 failed, 123s)
[1145/1594] OK   start() in apache/kylin  (1145 written, 0 failed, 123s)
[1146/1594] OK   calculateCuboidCombination() in apache/kylin  (1146 written, 0 failed, 124s)
[1147/1594] OK   getJointDimsMask() in apache/kylin  (1147 written, 0 failed, 124s)
[1148/1594] OK   normalizeColumnNames() in apache/kylin  (1148 written, 0 failed, 124s)
[1149/1594] OK   encodeColumnValue(int,Object,int,ByteBuffer) in apache/kylin  (1149 written, 0 failed, 124s)
[1150/1594] OK   maxCodeLength(int) in apache/kylin  (1150 written, 0 failed, 124s)
[1151/1594] OK   translateDerivedInCompare(CompareTupleFilter,Set<TblColRef>) in apache/kylin  (1151 written, 0 failed, 124s)
[1152/1594] OK   isExactAggregation(Cuboid,Collection<TblColRef>,Set<TblColRef>,Set<TblColRef>,Set<TblColRef>) in apache/kylin  (1152 written, 0 failed, 124s)
[1153/1594] OK   reloadAllDataModel() in apache/kylin  (1153 written, 0 failed, 125s)
[1154/1594] OK   appendDBName(String) in apache/kylin  (1154 written, 0 failed, 125s)
[1155/1594] OK   saveSourceTable(TableDesc) in apache/kylin  (1155 written, 0 failed, 125s)
[1156/1594] OK   reloadAllDataModel() in apache/kylin  (1156 written, 0 failed, 125s)
[1157/1594] OK   init(KylinConfig) in apache/kylin  (1157 written, 0 failed, 125s)
[1158/1594] OK   reloadSourceTableAt(String) in apache/kylin  (1158 written, 0 failed, 125s)
[1159/1594] OK   encodeColumnValue(int,Object,int,ByteBuffer) in apache/kylin  (1159 written, 0 failed, 125s)
[1160/1594] OK   compare(ByteArray,ByteArray) in apache/kylin  (1160 written, 0 failed, 125s)
[1161/1594] OK   convertFilter(TupleFilter,GTInfo,Map<TblColRef,Integer>,boolean,Set<TblColRef>) in apache/kylin  (1161 written, 0 failed, 125s)
[1162/1594] OK   isDictNull(ByteArray) in apache/kylin  (1162 written, 0 failed, 125s)
[1163/1594] OK   convertFilterConstants(TupleFilter,GTInfo) in apache/kylin  (1163 written, 0 failed, 125s)
[1164/1594] OK   cleanupCache() in apache/kylin  (1164 written, 0 failed, 125s)
[1165/1594] OK   staticCleanupTestMetadata() in apache/kylin  (1165 written, 0 failed, 125s)
[1166/1594] OK   confirmPurchaseUrl() in lbryio/lbry-android  (1166 written, 0 failed, 126s)
[1167/1594] OK   openPublishesOnSuccessfulPublish() in lbryio/lbry-android  (1167 written, 0 failed, 126s)
[1168/1594] OK   checkStoragePermissionAndFileGet() in lbryio/lbry-android  (1168 written, 0 failed, 126s)
[1169/1594] OK   onActivityCreated(Bundle) in lbryio/lbry-android  (1169 written, 0 failed, 126s)
[1170/1594] OK   onCreateView(LayoutInflater,ViewGroup,Bundle) in lbryio/lbry-android  (1170 written, 0 failed, 126s)
[1171/1594] OK   enterPIPMode() in lbryio/lbry-android  (1171 written, 0 failed, 126s)
[1172/1594] OK   onError(Exception) in lbryio/lbry-android  (1172 written, 0 failed, 126s)
[1173/1594] OK   onSyncSetSuccess(String) in lbryio/lbry-android  (1173 written, 0 failed, 127s)
[1174/1594] OK   openPublishesOnSuccessfulPublish() in lbryio/lbry-android  (1174 written, 0 failed, 127s)
[1175/1594] OK   CheckSdkReadyTask(Context,List<SdkStatusListener>) in lbryio/lbry-android  (1175 written, 0 failed, 127s)
[1176/1594] OK   hasPermission(String,Context) in lbryio/lbry-android  (1176 written, 0 failed, 127s)
[1177/1594] OK   updateFieldsFromCurrentClaim() in lbryio/lbry-android  (1177 written, 0 failed, 127s)
[1178/1594] OK   onProgress(int) in lbryio/lbry-android  (1178 written, 0 failed, 127s)
[1179/1594] OK   onCreateView(LayoutInflater,ViewGroup,Bundle) in lbryio/lbry-android  (1179 written, 0 failed, 127s)
[1180/1594] OK   addEmail() in lbryio/lbry-android  (1180 written, 0 failed, 128s)
[1181/1594] OK   sendCredits() in lbryio/lbry-android  (1181 written, 0 failed, 128s)
[1182/1594] OK   onStop() in lbryio/lbry-android  (1182 written, 0 failed, 128s)
[1183/1594] OK   onFocusChange(View,boolean) in lbryio/lbry-android  (1183 written, 0 failed, 128s)
[1184/1594] OK   onPostExecute(Boolean) in lbryio/lbry-android  (1184 written, 0 failed, 128s)
[1185/1594] OK   updateUnclaimedRewardsValue() in lbryio/lbry-android  (1185 written, 0 failed, 128s)
[1186/1594] OK   onStop() in lbryio/lbry-android  (1186 written, 0 failed, 128s)
[1187/1594] OK   onError(Exception) in lbryio/lbry-android  (1187 written, 0 failed, 128s)
[1188/1594] OK   renderClaim() in lbryio/lbry-android  (1188 written, 0 failed, 128s)
[1189/1594] OK   onSuccess(List<Claim>) in lbryio/lbry-android  (1189 written, 0 failed, 128s)
[1190/1594] OK   setJobMaster(JobMaster) in alldatacenter/alldata  (1190 written, 0 failed, 128s)
[1191/1594] OK   failedByException(Throwable) in alldatacenter/alldata  (1191 written, 0 failed, 129s)
[1192/1594] OK   handle(HttpGetCommand) in alldatacenter/alldata  (1192 written, 0 failed, 129s)
[1193/1594] OK   RestHttpGetCommandProcessor(TextCommandService) in alldatacenter/alldata  (1193 written, 0 failed, 129s)
[1194/1594] OK   getJobMetrics(String) in alldatacenter/alldata  (1194 written, 0 failed, 129s)
[1195/1594] OK   onMessage(WebSocket,ByteBuffer) in fabric8io/kubernetes-client  (1195 written, 0 failed, 129s)
[1196/1594] OK   onError(WebSocket,Throwable) in fabric8io/kubernetes-client  (1196 written, 0 failed, 129s)
[1197/1594] OK   onMessage(WebSocket,ByteBuffer) in fabric8io/kubernetes-client  (1197 written, 0 failed, 129s)
[1198/1594] OK   closeBothWays(WebSocket,int,String) in fabric8io/kubernetes-client  (1198 written, 0 failed, 129s)
[1199/1594] OK   getClientThrowables() in fabric8io/kubernetes-client  (1199 written, 0 failed, 129s)
[1200/1594] OK   sendAsync(HttpRequest,Function<BufferedSource,AsyncBody>) in fabric8io/kubernetes-client  (1200 written, 0 failed, 130s)
[1201/1594] OK   OkHttpAsyncBody(BodyConsumer<T>,BufferedSource) in fabric8io/kubernetes-client  (1201 written, 0 failed, 130s)
[1202/1594] OK   distribute(Consumer<ProcessorListener<T>>,boolean) in fabric8io/kubernetes-client  (1202 written, 0 failed, 130s)
[1203/1594] OK   SharedProcessor(Executor) in fabric8io/kubernetes-client  (1203 written, 0 failed, 130s)
[1204/1594] OK   shouldResync() in fabric8io/kubernetes-client  (1204 written, 0 failed, 130s)
[1205/1594] OK   fromResourceType(Class<? extends KubernetesResource>) in fabric8io/kubernetes-client  (1205 written, 0 failed, 130s)
[1206/1594] OK   withKind(String) in fabric8io/kubernetes-client  (1206 written, 0 failed, 130s)
[1207/1594] OK   validate() in fabric8io/kubernetes-client  (1207 written, 0 failed, 130s)
[1208/1594] OK   sharedIndexInformerForCustomResource(Class<T>,Class<L>,long) in fabric8io/kubernetes-client  (1208 written, 0 failed, 130s)
[1209/1594] OK   SharedInformerFactory(OkHttpClient,Config) in fabric8io/kubernetes-client  (1209 written, 0 failed, 130s)
[1210/1594] OK   cleanup() in fabric8io/kubernetes-client  (1210 written, 0 failed, 130s)
[1211/1594] OK   cleanup() in fabric8io/kubernetes-client  (1211 written, 0 failed, 130s)
[1212/1594] OK   replay() in fabric8io/kubernetes-client  (1212 written, 0 failed, 130s)
[1213/1594] OK   BaseMockOperation(String,String) in fabric8io/kubernetes-client  (1213 written, 0 failed, 130s)
[1214/1594] OK   getFields() in fabric8io/kubernetes-client  (1214 written, 0 failed, 131s)
[1215/1594] OK   getInputError() in keycloak/keycloak  (1215 written, 0 failed, 131s)
[1216/1594] OK   login(String) in keycloak/keycloak  (1216 written, 0 failed, 131s)
[1217/1594] OK   getHtmlLanguage() in keycloak/keycloak  (1217 written, 0 failed, 131s)
[1218/1594] OK   openLanguage(String) in keycloak/keycloak  (1218 written, 0 failed, 131s)
[1219/1594] OK   assertTryAnotherWayLinkAvailability(boolean) in keycloak/keycloak  (1219 written, 0 failed, 131s)
[1220/1594] OK   getLanguageDropdownText() in keycloak/keycloak  (1220 written, 0 failed, 131s)
[1221/1594] OK   getKeyUse(String) in keycloak/keycloak  (1221 written, 0 failed, 131s)
[1222/1594] OK   handle(RoutingContext) in keycloak/keycloak  (1222 written, 0 failed, 131s)
[1223/1594] OK   QuarkusRequestFilter(Predicate<RoutingContext>,ExecutorService) in keycloak/keycloak  (1223 written, 0 failed, 131s)
[1224/1594] OK   createClientConnection(HttpServerRequest) in keycloak/keycloak  (1224 written, 0 failed, 131s)
[1225/1594] OK   parseMapping() in keycloak/keycloak  (1225 written, 0 failed, 131s)
[1226/1594] OK   parseScalar(ScalarEvent) in keycloak/keycloak  (1226 written, 0 failed, 131s)
[1227/1594] OK   parseNodeInFreshContext() in keycloak/keycloak  (1227 written, 0 failed, 131s)
[1228/1594] OK   getRawValue(String) in keycloak/keycloak  (1228 written, 0 failed, 131s)
[1229/1594] OK   replaceNonAlphanumericByUnderscores(String) in keycloak/keycloak  (1229 written, 0 failed, 131s)
[1230/1594] OK   getMappedPropertyName(String) in keycloak/keycloak  (1230 written, 0 failed, 132s)
[1231/1594] OK   getConfigValue(String) in keycloak/keycloak  (1231 written, 0 failed, 132s)
[1232/1594] OK   toDashCase(String) in keycloak/keycloak  (1232 written, 0 failed, 132s)
[1233/1594] OK   getRuntimeProperty(String) in keycloak/keycloak  (1233 written, 0 failed, 132s)
[1234/1594] OK   getRealmFrontEndUrl() in keycloak/keycloak  (1234 written, 0 failed, 132s)
[1235/1594] OK   getPort(UriInfo,UrlType) in keycloak/keycloak  (1235 written, 0 failed, 132s)
[1236/1594] OK   fromFrontEndUrl(UriInfo,Function<URI,T>,Function<UriInfo,T>,T) in keycloak/keycloak  (1236 written, 0 failed, 132s)
[1237/1594] OK   issueUserInfoPost() in keycloak/keycloak  (1237 written, 0 failed, 132s)
[1238/1594] OK   jweFromContent(String,String) in keycloak/keycloak  (1238 written, 0 failed, 132s)
[1239/1594] OK   createTransientSessionForClient(AccessToken,ClientModel) in keycloak/keycloak  (1239 written, 0 failed, 133s)
[1240/1594] OK   clientCredentialsGrant() in keycloak/keycloak  (1240 written, 0 failed, 133s)
[1241/1594] OK   updateClientSession(AuthenticatedClientSessionModel) in keycloak/keycloak  (1241 written, 0 failed, 133s)
[1242/1594] OK   checkParameterDuplicated() in keycloak/keycloak  (1242 written, 0 failed, 133s)
[1243/1594] OK   getPageTitle(WebDriver) in keycloak/keycloak  (1243 written, 0 failed, 133s)
[1244/1594] OK   getLastNameError() in keycloak/keycloak  (1244 written, 0 failed, 133s)
[1245/1594] OK   isCancelDisplayed() in keycloak/keycloak  (1245 written, 0 failed, 133s)
[1246/1594] OK   getLastName() in keycloak/keycloak  (1246 written, 0 failed, 133s)
[1247/1594] OK   isCurrent() in keycloak/keycloak  (1247 written, 0 failed, 133s)
[1248/1594] OK   getLastNameError() in keycloak/keycloak  (1248 written, 0 failed, 133s)
[1249/1594] OK   getFirstName() in keycloak/keycloak  (1249 written, 0 failed, 133s)
[1250/1594] OK   hasUsernameError() in keycloak/keycloak  (1250 written, 0 failed, 133s)
[1251/1594] OK   hasEmailError() in keycloak/keycloak  (1251 written, 0 failed, 133s)
[1252/1594] OK   read(K) in keycloak/keycloak  (1252 written, 0 failed, 133s)
[1253/1594] OK   rollback() in keycloak/keycloak  (1253 written, 0 failed, 134s)
[1254/1594] OK   getText() in keycloak/keycloak  (1254 written, 0 failed, 134s)
[1255/1594] OK   getType() in keycloak/keycloak  (1255 written, 0 failed, 134s)
[1256/1594] OK   login(String,String) in keycloak/keycloak  (1256 written, 0 failed, 134s)
[1257/1594] OK   createUser(KeycloakSession,RealmModel,UserRepresentation) in keycloak/keycloak  (1257 written, 0 failed, 134s)
[1258/1594] OK   updateComponent(KeycloakSession,ComponentRepresentation,ComponentModel,boolean) in keycloak/keycloak  (1258 written, 0 failed, 134s)
[1259/1594] OK   toModel(KeycloakSession,ComponentRepresentation) in keycloak/keycloak  (1259 written, 0 failed, 134s)
[1260/1594] OK   invalidate() in keycloak/keycloak  (1260 written, 0 failed, 134s)
[1261/1594] OK   setServiceAccountClientLink(String) in keycloak/keycloak  (1261 written, 0 failed, 134s)
[1262/1594] OK   setFirstName(String) in keycloak/keycloak  (1262 written, 0 failed, 135s)
[1263/1594] OK   codeToToken() in keycloak/keycloak  (1263 written, 0 failed, 135s)
[1264/1594] OK   updateClientSession(AuthenticatedClientSessionModel) in keycloak/keycloak  (1264 written, 0 failed, 135s)
[1265/1594] OK   updateUserSessionFromClientAuth(UserSessionModel) in keycloak/keycloak  (1265 written, 0 failed, 135s)
[1266/1594] OK   unregisterNode(String,MultivaluedMap) in keycloak/keycloak  (1266 written, 0 failed, 135s)
[1267/1594] OK   login(String,String) in keycloak/keycloak  (1267 written, 0 failed, 135s)
[1268/1594] OK   login(String,String) in keycloak/keycloak  (1268 written, 0 failed, 135s)
[1269/1594] OK   getProviders(RealmModel) in keycloak/keycloak  (1269 written, 0 failed, 136s)
[1270/1594] OK   getActiveHmacKey(RealmModel) in keycloak/keycloak  (1270 written, 0 failed, 136s)
[1271/1594] OK   getContainer(RulePolicyRepresentation) in keycloak/keycloak  (1271 written, 0 failed, 136s)
[1272/1594] OK   resolveModules(RulePolicyRepresentation) in keycloak/keycloak  (1272 written, 0 failed, 136s)
[1273/1594] OK   submitImpl(K,MyClientEvent,Runnable) in keycloak/keycloak  (1273 written, 0 failed, 136s)
[1274/1594] OK   toString() in keycloak/keycloak  (1274 written, 0 failed, 136s)
[1275/1594] OK   convertIspnClientEvent(ClientEvent) in keycloak/keycloak  (1275 written, 0 failed, 136s)
[1276/1594] OK   putIfAbsent(UUID) in keycloak/keycloak  (1276 written, 0 failed, 136s)
[1277/1594] OK   InfinispanCodeToTokenStoreProvider(KeycloakSession,Supplier<BasicCache>) in keycloak/keycloak  (1277 written, 0 failed, 136s)
[1278/1594] OK   runTask(KeycloakSession,RealmModel,String,K,SessionUpdateTask<V>,SessionEntityWrapper<V>) in keycloak/keycloak  (1278 written, 0 failed, 136s)
[1279/1594] OK   runOnRemoteCache(RemoteCache,long,K,SessionUpdateTask<V>,SessionEntityWrapper<V>) in keycloak/keycloak  (1279 written, 0 failed, 137s)
[1280/1594] OK   hotrodEventReceived(String) in keycloak/keycloak  (1280 written, 0 failed, 137s)
[1281/1594] OK   taskFinished(String,boolean) in keycloak/keycloak  (1281 written, 0 failed, 137s)
[1282/1594] OK   HotRodListener(RemoteCache) in keycloak/keycloak  (1282 written, 0 failed, 137s)
[1283/1594] OK   login(String,String) in keycloak/keycloak  (1283 written, 0 failed, 137s)
[1284/1594] OK   toRepresentation(WebElement) in keycloak/keycloak  (1284 written, 0 failed, 137s)
[1285/1594] OK   contains(String) in keycloak/keycloak  (1285 written, 0 failed, 137s)
[1286/1594] OK   parseConfig(String) in keycloak/keycloak  (1286 written, 0 failed, 137s)
[1287/1594] OK   validate(RealmModel,UserModel,String) in keycloak/keycloak  (1287 written, 0 failed, 137s)
[1288/1594] OK   createPageSrcFile(Description) in keycloak/keycloak  (1288 written, 0 failed, 137s)
[1289/1594] OK   setDriver(WebDriver) in keycloak/keycloak  (1289 written, 0 failed, 137s)
[1290/1594] OK   testFailure(Failure) in keycloak/keycloak  (1290 written, 0 failed, 137s)
[1291/1594] OK   createPageSrcFile(Description) in keycloak/keycloak  (1291 written, 0 failed, 137s)
[1292/1594] OK   testFinished(Description) in keycloak/keycloak  (1292 written, 0 failed, 137s)
[1293/1594] OK   isValidAction(String) in keycloak/keycloak  (1293 written, 0 failed, 137s)
[1294/1594] OK   ClientSessionCode(KeycloakSession,RealmModel,ClientSessionModel) in keycloak/keycloak  (1294 written, 0 failed, 137s)
[1295/1594] OK   uploadJks(UriInfo,MultipartFormDataInput) in keycloak/keycloak  (1295 written, 0 failed, 138s)
[1296/1594] OK   ClientAttributeCertificateResource(RealmModel,RealmAuth,ClientModel,KeycloakSession,String,AdminEventBuilder) in keycloak/keycloak  (1296 written, 0 failed, 138s)
[1297/1594] OK   generate() in keycloak/keycloak  (1297 written, 0 failed, 138s)
[1298/1594] OK   isCached(RequestAuthenticator) in keycloak/keycloak  (1298 written, 0 failed, 138s)
[1299/1594] OK   getSession(boolean) in keycloak/keycloak  (1299 written, 0 failed, 138s)
[1300/1594] OK   checkResponseType() in keycloak/keycloak  (1300 written, 0 failed, 138s)
[1301/1594] OK   build() in keycloak/keycloak  (1301 written, 0 failed, 138s)
[1302/1594] OK   buildAuthorizationCodeAuthorizationResponse() in keycloak/keycloak  (1302 written, 0 failed, 138s)
[1303/1594] OK   start() in keycloak/keycloak  (1303 written, 0 failed, 139s)
[1304/1594] OK   getPort() in keycloak/keycloak  (1304 written, 0 failed, 139s)
[1305/1594] OK   resolveDeployment(String) in keycloak/keycloak  (1305 written, 0 failed, 139s)
[1306/1594] OK   Auth(KeycloakPrincipal<RefreshableKeycloakSecurityContext>,Set<String>,String) in keycloak/keycloak  (1306 written, 0 failed, 139s)
[1307/1594] OK   commit() in keycloak/keycloak  (1307 written, 0 failed, 139s)
[1308/1594] OK   Auth(KeycloakPrincipal<RefreshableKeycloakSecurityContext>,Set<String>,String) in keycloak/keycloak  (1308 written, 0 failed, 139s)
[1309/1594] OK   logout() in keycloak/keycloak  (1309 written, 0 failed, 139s)
[1310/1594] OK   getSession(boolean) in keycloak/keycloak  (1310 written, 0 failed, 139s)
[1311/1594] OK   ServletSessionTokenStore(HttpServerExchange,KeycloakDeployment,UndertowUserSessionManagement,SecurityContext) in keycloak/keycloak  (1311 written, 0 failed, 139s)
[1312/1594] OK   register(UserRepresentation) in keycloak/keycloak  (1312 written, 0 failed, 139s)
[1313/1594] OK   RegistrationService(RealmManager) in keycloak/keycloak  (1313 written, 0 failed, 139s)
[1314/1594] OK   closeAll(BaseStream<?,?>[]) in google/guava  (1314 written, 0 failed, 140s)
[1315/1594] OK   stream(Optional<T>) in google/guava  (1315 written, 0 failed, 140s)
[1316/1594] OK   tryAdvance(Consumer<? super R>) in google/guava  (1316 written, 0 failed, 140s)
[1317/1594] OK   userObjectToString(Object) in google/guava  (1317 written, 0 failed, 140s)
[1318/1594] OK   casListeners(AbstractFuture<?>,Listener,Listener) in google/guava  (1318 written, 0 failed, 140s)
[1319/1594] OK   get() in google/guava  (1319 written, 0 failed, 140s)
[1320/1594] OK   scanFrom(File,ClassLoader) in google/guava  (1320 written, 0 failed, 140s)
[1321/1594] OK   getPackageName() in google/guava  (1321 written, 0 failed, 140s)
[1322/1594] OK   getTopLevelClassesRecursive(String) in google/guava  (1322 written, 0 failed, 140s)
[1323/1594] OK   testContainsEntryWithIncomparableValue() in google/guava  (1323 written, 0 failed, 140s)
[1324/1594] OK   testContainsEntryWithIncomparableKey() in google/guava  (1324 written, 0 failed, 140s)
[1325/1594] OK   uniqueIndex(Iterator<V>,Function<? super V,K>) in google/guava  (1325 written, 0 failed, 140s)
[1326/1594] OK   keySet() in google/guava  (1326 written, 0 failed, 140s)
[1327/1594] OK   filterEntries(Map<K,V>,Predicate<? super Entry<K,V>>) in google/guava  (1327 written, 0 failed, 141s)
[1328/1594] OK   startAsync() in google/guava  (1328 written, 0 failed, 141s)
[1329/1594] OK   awaitHealthy(long,TimeUnit) in google/guava  (1329 written, 0 failed, 141s)
[1330/1594] OK   serviceStopped(Service) in google/guava  (1330 written, 0 failed, 141s)
[1331/1594] OK   testEqualsAndSerializable() in google/guava  (1331 written, 0 failed, 141s)
[1332/1594] OK   forAllPublicStaticMethods(Class<?>) in google/guava  (1332 written, 0 failed, 141s)
[1333/1594] OK   newFreshValueGenerator() in google/guava  (1333 written, 0 failed, 141s)
[1334/1594] OK   testSerializable() in google/guava  (1334 written, 0 failed, 141s)
[1335/1594] OK   ParameterNotInstantiableException(Parameter) in google/guava  (1335 written, 0 failed, 141s)
[1336/1594] OK   addListener(Runnable,Executor) in google/guava  (1336 written, 0 failed, 141s)
[1337/1594] OK   addCallback(ListenableFuture<V>,FutureCallback<? super V>,Executor) in google/guava  (1337 written, 0 failed, 142s)
[1338/1594] OK   get() in google/guava  (1338 written, 0 failed, 142s)
[1339/1594] OK   create(Funnel<T>,int,double) in google/guava  (1339 written, 0 failed, 142s)
[1340/1594] OK   hashCode() in google/guava  (1340 written, 0 failed, 142s)
[1341/1594] OK   copy() in google/guava  (1341 written, 0 failed, 142s)
[1342/1594] OK   add(E,int) in google/guava  (1342 written, 0 failed, 142s)
[1343/1594] OK   remove(Object,int) in google/guava  (1343 written, 0 failed, 142s)
[1344/1594] OK   count(Object) in google/guava  (1344 written, 0 failed, 142s)
[1345/1594] OK   getCount() in google/guava  (1345 written, 0 failed, 142s)
[1346/1594] OK   headSet(E) in google/guava  (1346 written, 0 failed, 143s)
[1347/1594] OK   Builder(Comparator<? super E>) in google/guava  (1347 written, 0 failed, 143s)
[1348/1594] OK   reverseOrder() in google/guava  (1348 written, 0 failed, 143s)
[1349/1594] OK   textToNumericFormatV6(String) in google/guava  (1349 written, 0 failed, 143s)
[1350/1594] OK   forUriString(String) in google/guava  (1350 written, 0 failed, 143s)
[1351/1594] OK   parseHextet(String) in google/guava  (1351 written, 0 failed, 143s)
[1352/1594] OK   removeIfFromRandomAccessList(List<T>,Predicate<? super T>) in google/guava  (1352 written, 0 failed, 143s)
[1353/1594] OK   toString(Iterable<?>) in google/guava  (1353 written, 0 failed, 143s)
[1354/1594] OK   checkNonnegativeIndex(int) in google/guava  (1354 written, 0 failed, 143s)
[1355/1594] OK   RegularImmutableSortedSet(SortedSet<E>,boolean) in google/guava  (1355 written, 0 failed, 143s)
[1356/1594] OK   compose(Future<I>,Function<? super I,? extends O>) in google/guava  (1356 written, 0 failed, 144s)
[1357/1594] OK   chain(ListenableFuture<I>,Function<? super I,? extends ListenableFuture<? extends O>>) in google/guava  (1357 written, 0 failed, 144s)
[1358/1594] OK   cancel(boolean) in google/guava  (1358 written, 0 failed, 144s)
[1359/1594] OK   onActivityCreated(Bundle) in nextcloud/android  (1359 written, 0 failed, 144s)
[1360/1594] OK   getImageView() in nextcloud/android  (1360 written, 0 failed, 144s)
[1361/1594] OK   finish() in nextcloud/android  (1361 written, 0 failed, 144s)
[1362/1594] OK   nextOperation() in nextcloud/android  (1362 written, 0 failed, 144s)
[1363/1594] OK   isSynchronizing(User,OCFile) in nextcloud/android  (1363 written, 0 failed, 144s)
[1364/1594] OK   onCreate() in nextcloud/android  (1364 written, 0 failed, 145s)
[1365/1594] OK   onActivityCreated(Bundle) in nextcloud/android  (1365 written, 0 failed, 145s)
[1366/1594] OK   canBePreviewed(OCFile) in nextcloud/android  (1366 written, 0 failed, 145s)
[1367/1594] OK   setErrorPreviewMessage() in nextcloud/android  (1367 written, 0 failed, 145s)
[1368/1594] OK   checkOcServer() in nextcloud/android  (1368 written, 0 failed, 145s)
[1369/1594] OK   showUntrustedCertDialog(RemoteOperationResult) in nextcloud/android  (1369 written, 0 failed, 145s)
[1370/1594] OK   checkBasicAuthorization(String,String) in nextcloud/android  (1370 written, 0 failed, 145s)
[1371/1594] OK   checkOcServer() in nextcloud/android  (1371 written, 0 failed, 146s)
[1372/1594] OK   shouldInterceptRequest(WebView,WebResourceRequest) in nextcloud/android  (1372 written, 0 failed, 146s)
[1373/1594] OK   onPageFinished(WebView,String) in nextcloud/android  (1373 written, 0 failed, 146s)
[1374/1594] OK   isNetworkMetered() in nextcloud/android  (1374 written, 0 failed, 146s)
[1375/1594] OK   isInternetWalled() in nextcloud/android  (1375 written, 0 failed, 146s)
[1376/1594] OK   invoke(String) in nextcloud/android  (1376 written, 0 failed, 146s)
[1377/1594] OK   isNetworkMetered() in nextcloud/android  (1377 written, 0 failed, 146s)
[1378/1594] OK   getConnectivity() in nextcloud/android  (1378 written, 0 failed, 146s)
[1379/1594] OK   ConnectivityServiceImpl(ConnectivityManager,UserAccountManager,ClientFactory,GetRequestBuilder,int) in nextcloud/android  (1379 written, 0 failed, 146s)
[1380/1594] OK   onCreate(Bundle) in nextcloud/android  (1380 written, 0 failed, 146s)
[1381/1594] OK   onCreate(Bundle) in nextcloud/android  (1381 written, 0 failed, 147s)
[1382/1594] OK   triggerMediaScan(String,OCFile) in nextcloud/android  (1382 written, 0 failed, 147s)
[1383/1594] OK   triggerMediaScan(String) in nextcloud/android  (1383 written, 0 failed, 147s)
[1384/1594] OK   getFileByPath(String) in nextcloud/android  (1384 written, 0 failed, 147s)
[1385/1594] OK   triggerMediaScan(String,OCFile) in nextcloud/android  (1385 written, 0 failed, 147s)
[1386/1594] OK   getVirtualFolderContent(VirtualFolderType,boolean) in nextcloud/android  (1386 written, 0 failed, 147s)
[1387/1594] OK   getFolderContent(OCFile,boolean) in nextcloud/android  (1387 written, 0 failed, 147s)
[1388/1594] OK   showDownloadSnackbar() in nextcloud/android  (1388 written, 0 failed, 147s)
[1389/1594] OK   setState(State) in nextcloud/android  (1389 written, 0 failed, 148s)
[1390/1594] OK   DoubleTapZoom(float,float,float,boolean) in nextcloud/android  (1390 written, 0 failed, 148s)
[1391/1594] OK   dismissDialog(String) in nextcloud/android  (1391 written, 0 failed, 148s)
[1392/1594] OK   startSamlBasedFederatedSingleSignOnAuthorization() in nextcloud/android  (1392 written, 0 failed, 148s)
[1393/1594] OK   onNewIntent(Intent) in nextcloud/android  (1393 written, 0 failed, 148s)
[1394/1594] OK   setNoConnectionErrorMessage() in nextcloud/android  (1394 written, 0 failed, 148s)
[1395/1594] OK   onClick(View) in nextcloud/android  (1395 written, 0 failed, 148s)
[1396/1594] OK   onStart() in nextcloud/android  (1396 written, 0 failed, 148s)
[1397/1594] OK   getFileAt(int) in nextcloud/android  (1397 written, 0 failed, 148s)
[1398/1594] OK   updateFile(int,OCFile) in nextcloud/android  (1398 written, 0 failed, 148s)
[1399/1594] OK   onReceive(Context,Intent) in nextcloud/android  (1399 written, 0 failed, 149s)
[1400/1594] OK   switchToSearchFragment(Bundle) in nextcloud/android  (1400 written, 0 failed, 149s)
[1401/1594] OK   checkForRemoteOperationError(RemoteOperationResult) in nextcloud/android  (1401 written, 0 failed, 149s)
[1402/1594] OK   createThumbnail(RichObject) in nextcloud/android  (1402 written, 0 failed, 149s)
[1403/1594] OK   onClick(View) in nextcloud/android  (1403 written, 0 failed, 149s)
[1404/1594] OK   ActivityViewHolder(View) in nextcloud/android  (1404 written, 0 failed, 149s)
[1405/1594] OK   onCreateViewHolder(ViewGroup,int) in nextcloud/android  (1405 written, 0 failed, 149s)
[1406/1594] OK   getView(int,View,ViewGroup) in nextcloud/android  (1406 written, 0 failed, 149s)
[1407/1594] OK   FileListListAdapter(boolean,Context,ComponentsGetter,OCFileListFragmentInterface) in nextcloud/android  (1407 written, 0 failed, 150s)
[1408/1594] OK   setFavoriteAttributeForItemID(String,boolean) in nextcloud/android  (1408 written, 0 failed, 150s)
[1409/1594] OK   addThumbnailToCache(String,Bitmap,String,int) in nextcloud/android  (1409 written, 0 failed, 150s)
[1410/1594] OK   AsyncMediaThumbnailDrawable(Resources,Bitmap,MediaThumbnailGenerationTask) in nextcloud/android  (1410 written, 0 failed, 150s)
[1411/1594] OK   AsyncAvatarDrawable(Resources,Bitmap,AvatarGenerationTask) in nextcloud/android  (1411 written, 0 failed, 150s)
[1412/1594] OK   onPostExecute(Bitmap) in nextcloud/android  (1412 written, 0 failed, 150s)
[1413/1594] OK   getMaxSize() in nextcloud/android  (1413 written, 0 failed, 150s)
[1414/1594] OK   getBitmapWorkerTask() in nextcloud/android  (1414 written, 0 failed, 150s)
[1415/1594] OK   toFormattedString() in nextcloud/android  (1415 written, 0 failed, 150s)
[1416/1594] OK   setLocalAction(LocalBehaviour) in nextcloud/android  (1416 written, 0 failed, 150s)
[1417/1594] OK   getLocalAction() in nextcloud/android  (1417 written, 0 failed, 150s)
[1418/1594] OK   getBitmapFromDiskCache(String) in nextcloud/android  (1418 written, 0 failed, 150s)
[1419/1594] OK   cancelPotentialWork(Object,ImageView) in nextcloud/android  (1419 written, 0 failed, 150s)
[1420/1594] OK   clickOnEmail() in nextcloud/android  (1420 written, 0 failed, 150s)
[1421/1594] OK   GmailEmailListView(AndroidDriver) in nextcloud/android  (1421 written, 0 failed, 150s)
[1422/1594] OK   tearDown() in nextcloud/android  (1422 written, 0 failed, 151s)
[1423/1594] OK   login(String,String,String,Boolean,AndroidDriver) in nextcloud/android  (1423 written, 0 failed, 151s)
[1424/1594] OK   deleteAccount(MainView) in nextcloud/android  (1424 written, 0 failed, 151s)
[1425/1594] OK   scrollTillFindElement(String,AndroidElement,AndroidDriver) in nextcloud/android  (1425 written, 0 failed, 151s)
[1426/1594] OK   clickOnMenuButton() in nextcloud/android  (1426 written, 0 failed, 151s)
[1427/1594] OK   getSettingsView() in nextcloud/android  (1427 written, 0 failed, 151s)
[1428/1594] OK   onStartCommand(Intent,int,int) in nextcloud/android  (1428 written, 0 failed, 151s)
[1429/1594] OK   notifyUploadEndOverview() in nextcloud/android  (1429 written, 0 failed, 151s)
[1430/1594] OK   broadcastUploadEnd(UploadFileOperation,Account,boolean,long) in nextcloud/android  (1430 written, 0 failed, 151s)
[1431/1594] OK   onAuthenticationResult(boolean,String) in nextcloud/android  (1431 written, 0 failed, 152s)
[1432/1594] OK   onCreateDialog(int) in nextcloud/android  (1432 written, 0 failed, 152s)
[1433/1594] OK   onCancelClick(View) in nextcloud/android  (1433 written, 0 failed, 152s)
[1434/1594] OK   uploadFiles() in nextcloud/android  (1434 written, 0 failed, 152s)
[1435/1594] OK   onCreateDialog(int) in nextcloud/android  (1435 written, 0 failed, 152s)
[1436/1594] OK   onCancel(DialogInterface) in nextcloud/android  (1436 written, 0 failed, 152s)
[1437/1594] OK   handleConnectivityAction(Context,Intent) in nextcloud/android  (1437 written, 0 failed, 153s)
[1438/1594] OK   handleNewPhontoAction(Context,Intent) in nextcloud/android  (1438 written, 0 failed, 153s)
[1439/1594] OK   isOnline(Context) in nextcloud/android  (1439 written, 0 failed, 153s)
[1440/1594] OK   uploadFile() in nextcloud/android  (1440 written, 0 failed, 153s)
[1441/1594] OK   onBind(Intent) in nextcloud/android  (1441 written, 0 failed, 153s)
[1442/1594] OK   setPlaybackParameters(IMediaController,int,Bundle) in google/ExoPlayer  (1442 written, 0 failed, 153s)
[1443/1594] OK   onDisconnected(int) in google/ExoPlayer  (1443 written, 0 failed, 154s)
[1444/1594] OK   seekToPreviousForControllerInfo(ControllerInfo,int) in google/ExoPlayer  (1444 written, 0 failed, 154s)
[1445/1594] OK   maybeSkipRemainingMetaAtomHeaderBytes(ParsableByteArray) in google/ExoPlayer  (1445 written, 0 failed, 154s)
[1446/1594] OK   parseEdts(ContainerAtom) in google/ExoPlayer  (1446 written, 0 failed, 154s)
[1447/1594] OK   parseIlst(ParsableByteArray,int) in google/ExoPlayer  (1447 written, 0 failed, 154s)
[1448/1594] OK   parseStsd(ParsableByteArray,int,int,String,DrmInitData,boolean) in google/ExoPlayer  (1448 written, 0 failed, 154s)
[1449/1594] OK   getAudioOffloadSupport(Format,AudioAttributes) in google/ExoPlayer  (1449 written, 0 failed, 154s)
[1450/1594] OK   getOffloadedPlaybackSupport(AudioFormat,AudioAttributes,boolean) in google/ExoPlayer  (1450 written, 0 failed, 155s)
[1451/1594] OK   isOffloadVariableRateSupported(Context) in google/ExoPlayer  (1451 written, 0 failed, 155s)
[1452/1594] OK   getAudioOffloadSupport(Format,AudioAttributes) in google/ExoPlayer  (1452 written, 0 failed, 155s)
[1453/1594] OK   DefaultAudioOffloadSupportProvider() in google/ExoPlayer  (1453 written, 0 failed, 155s)
[1454/1594] OK   switchAssetLoader() in google/ExoPlayer  (1454 written, 0 failed, 155s)
[1455/1594] OK   SequenceAssetLoader(EditedMediaItemSequence,boolean,Factory,Looper,Listener,Clock) in google/ExoPlayer  (1455 written, 0 failed, 155s)
[1456/1594] OK   switchAssetLoader() in google/ExoPlayer  (1456 written, 0 failed, 155s)
[1457/1594] OK   getDecoderNames() in google/ExoPlayer  (1457 written, 0 failed, 155s)
[1458/1594] OK   getInputSurface() in google/ExoPlayer  (1458 written, 0 failed, 155s)
[1459/1594] OK   onTimelineChanged(Timeline,int) in google/ExoPlayer  (1459 written, 0 failed, 155s)
[1460/1594] OK   Factory(Context,DecoderFactory,boolean,Clock) in google/ExoPlayer  (1460 written, 0 failed, 156s)
[1461/1594] OK   onTracksChanged(Tracks) in google/ExoPlayer  (1461 written, 0 failed, 156s)
[1462/1594] OK   RenderersFactoryImpl(boolean,boolean,boolean,DecoderFactory,boolean,Listener) in google/ExoPlayer  (1462 written, 0 failed, 156s)
[1463/1594] OK   onTimelineChanged(Timeline,int) in google/ExoPlayer  (1463 written, 0 failed, 156s)
[1464/1594] OK   onPlayerError(PlaybackException) in google/ExoPlayer  (1464 written, 0 failed, 156s)
[1465/1594] OK   PlayerListener(Listener) in google/ExoPlayer  (1465 written, 0 failed, 156s)
[1466/1594] OK   onTracksChanged(Tracks) in google/ExoPlayer  (1466 written, 0 failed, 156s)
[1467/1594] OK   Factory(Context,DecoderFactory,boolean,Clock) in google/ExoPlayer  (1467 written, 0 failed, 156s)
[1468/1594] OK   createSessionToken(Context,Object) in google/ExoPlayer  (1468 written, 0 failed, 156s)
[1469/1594] OK   SessionToken(Context,Token) in google/ExoPlayer  (1469 written, 0 failed, 157s)
[1470/1594] OK   createSessionToken(Context,Object) in google/ExoPlayer  (1470 written, 0 failed, 157s)
[1471/1594] OK   createOpenGlSurfaces(Surface,SurfaceView) in google/ExoPlayer  (1471 written, 0 failed, 157s)
[1472/1594] OK   clearOutputFrame() in google/ExoPlayer  (1472 written, 0 failed, 157s)
[1473/1594] OK   signalEndOfInputStream() in google/ExoPlayer  (1473 written, 0 failed, 157s)
[1474/1594] OK   createOpenGlSurfaces(Surface,SurfaceView) in google/ExoPlayer  (1474 written, 0 failed, 157s)
[1475/1594] OK   isEnded() in google/ExoPlayer  (1475 written, 0 failed, 157s)
[1476/1594] OK   getAndRethrowBackgroundExceptions() in google/ExoPlayer  (1476 written, 0 failed, 157s)
[1477/1594] OK   createChoreographerInstanceInternal() in google/ExoPlayer  (1477 written, 0 failed, 157s)
[1478/1594] OK   updateSurfaceMediaFrameRate() in google/ExoPlayer  (1478 written, 0 failed, 158s)
[1479/1594] OK   getInstance() in google/ExoPlayer  (1479 written, 0 failed, 158s)
[1480/1594] OK   createChoreographerInstanceInternal() in google/ExoPlayer  (1480 written, 0 failed, 158s)
[1481/1594] OK   DisplayHelperV17(DisplayManager) in google/ExoPlayer  (1481 written, 0 failed, 158s)
[1482/1594] OK   handleMessage(Message) in google/ExoPlayer  (1482 written, 0 failed, 158s)
[1483/1594] OK   setChangeFrameRateStrategy(int) in google/ExoPlayer  (1483 written, 0 failed, 158s)
[1484/1594] OK   onStarted() in google/ExoPlayer  (1484 written, 0 failed, 158s)
[1485/1594] OK   connect(IMediaController,Bundle) in google/ExoPlayer  (1485 written, 0 failed, 158s)
[1486/1594] OK   onStartCommand(Intent,int,int) in google/ExoPlayer  (1486 written, 0 failed, 158s)
[1487/1594] OK   MediaSessionService() in google/ExoPlayer  (1487 written, 0 failed, 158s)
[1488/1594] OK   maybeDequeueInputBuffer(DecoderInputBuffer) in google/ExoPlayer  (1488 written, 0 failed, 158s)
[1489/1594] OK   getOutputBufferInfo() in google/ExoPlayer  (1489 written, 0 failed, 159s)
[1490/1594] OK   maybeDequeueAndSetOutputBuffer() in google/ExoPlayer  (1490 written, 0 failed, 159s)
[1491/1594] OK   releaseOutputBuffer(boolean) in google/ExoPlayer  (1491 written, 0 failed, 159s)
[1492/1594] OK   signalEndOfInputStream() in google/ExoPlayer  (1492 written, 0 failed, 159s)
[1493/1594] OK   createForVideoDecoding(Format,Surface) in google/ExoPlayer  (1493 written, 0 failed, 159s)
[1494/1594] OK   maybeDequeueOutputBuffer() in google/ExoPlayer  (1494 written, 0 failed, 159s)
[1495/1594] OK   getFormat(MediaFormat) in google/ExoPlayer  (1495 written, 0 failed, 159s)
[1496/1594] OK   queueInputBuffer(DecoderInputBuffer) in google/ExoPlayer  (1496 written, 0 failed, 159s)
[1497/1594] OK   createForAudioDecoding(Format) in google/ExoPlayer  (1497 written, 0 failed, 159s)
[1498/1594] OK   writeSampleData(int,ByteBuffer,boolean,long) in google/ExoPlayer  (1498 written, 0 failed, 159s)
[1499/1594] OK   supportsOutputMimeType(String) in google/ExoPlayer  (1499 written, 0 failed, 160s)
[1500/1594] OK   supportsSampleMimeType(String,String) in google/ExoPlayer  (1500 written, 0 failed, 160s)
[1501/1594] OK   addTrack(Format) in google/ExoPlayer  (1501 written, 0 failed, 160s)
[1502/1594] OK   mimeTypeToMuxerOutputFormat(String) in google/ExoPlayer  (1502 written, 0 failed, 160s)
[1503/1594] OK   create(String,String) in google/ExoPlayer  (1503 written, 0 failed, 160s)
[1504/1594] OK   maybeDequeueAndSetOutputBuffer() in google/ExoPlayer  (1504 written, 0 failed, 160s)
[1505/1594] OK   getOutputFormat() in google/ExoPlayer  (1505 written, 0 failed, 160s)
[1506/1594] OK   isEnded() in google/ExoPlayer  (1506 written, 0 failed, 160s)
[1507/1594] OK   maybeDequeueInputBuffer(DecoderInputBuffer) in google/ExoPlayer  (1507 written, 0 failed, 160s)
[1508/1594] OK   createForAudioDecoding(Format) in google/ExoPlayer  (1508 written, 0 failed, 160s)
[1509/1594] OK   signalEndOfInputStream() in google/ExoPlayer  (1509 written, 0 failed, 160s)
[1510/1594] OK   maybeDequeueOutputBuffer() in google/ExoPlayer  (1510 written, 0 failed, 160s)
[1511/1594] OK   releaseOutputBuffer() in google/ExoPlayer  (1511 written, 0 failed, 160s)
[1512/1594] OK   createForVideoDecoding(Format,Surface) in google/ExoPlayer  (1512 written, 0 failed, 161s)
[1513/1594] OK   queueInputBuffer(DecoderInputBuffer) in google/ExoPlayer  (1513 written, 0 failed, 161s)
[1514/1594] OK   releaseOutputBuffer(boolean) in google/ExoPlayer  (1514 written, 0 failed, 161s)
[1515/1594] OK   createForVideoEncoding(Format) in google/ExoPlayer  (1515 written, 0 failed, 161s)
[1516/1594] OK   addTrack(Format) in google/ExoPlayer  (1516 written, 0 failed, 161s)
[1517/1594] OK   release(boolean) in google/ExoPlayer  (1517 written, 0 failed, 161s)
[1518/1594] OK   FrameworkMuxer(MediaMuxer) in google/ExoPlayer  (1518 written, 0 failed, 161s)
[1519/1594] OK   writeSampleData(int,ByteBuffer,boolean,long) in google/ExoPlayer  (1519 written, 0 failed, 161s)
[1520/1594] OK   supportsOutputMimeType(String) in google/ExoPlayer  (1520 written, 0 failed, 161s)
[1521/1594] OK   restartService() in google/ExoPlayer  (1521 written, 0 failed, 161s)
[1522/1594] OK   invalidate() in google/ExoPlayer  (1522 written, 0 failed, 161s)
[1523/1594] OK   onCreate() in google/ExoPlayer  (1523 written, 0 failed, 162s)
[1524/1594] OK   isInternetConnectivityValidated(ConnectivityManager) in google/ExoPlayer  (1524 written, 0 failed, 162s)
[1525/1594] OK   filterRequirements(int) in google/ExoPlayer  (1525 written, 0 failed, 162s)
[1526/1594] OK   getRequirements() in google/ExoPlayer  (1526 written, 0 failed, 162s)
[1527/1594] OK   isInternetConnectivityValidated(ConnectivityManager) in google/ExoPlayer  (1527 written, 0 failed, 162s)
[1528/1594] OK   filterRequirements(int) in google/ExoPlayer  (1528 written, 0 failed, 162s)
[1529/1594] OK   getNotMetNetworkRequirements(Context) in google/ExoPlayer  (1529 written, 0 failed, 162s)
[1530/1594] OK   getVolumeFromManager(AudioManager,int) in google/ExoPlayer  (1530 written, 0 failed, 162s)
[1531/1594] OK   decreaseVolume() in google/ExoPlayer  (1531 written, 0 failed, 162s)
[1532/1594] OK   getVolume() in google/ExoPlayer  (1532 written, 0 failed, 162s)
[1533/1594] OK   getVolumeFromManager(AudioManager,int) in google/ExoPlayer  (1533 written, 0 failed, 162s)
[1534/1594] OK   decreaseVolume() in google/ExoPlayer  (1534 written, 0 failed, 162s)
[1535/1594] OK   onStreamVolumeChanged(int,boolean) in google/ExoPlayer  (1535 written, 0 failed, 162s)
[1536/1594] OK   setSurfaceFrameRateV30(Surface,float) in google/ExoPlayer  (1536 written, 0 failed, 162s)
[1537/1594] OK   getCodecMaxValues(MediaCodecInfo,Format,Format[]) in google/ExoPlayer  (1537 written, 0 failed, 163s)
[1538/1594] OK   getCodecNeedsEosPropagation() in google/ExoPlayer  (1538 written, 0 failed, 163s)
[1539/1594] OK   stopAd(AdMediaInfo) in google/ExoPlayer  (1539 written, 0 failed, 163s)
[1540/1594] OK   handleAdPrepareError(int,int,Exception) in google/ExoPlayer  (1540 written, 0 failed, 163s)
[1541/1594] OK   playAd(AdMediaInfo) in google/ExoPlayer  (1541 written, 0 failed, 163s)
[1542/1594] OK   stop() in google/ExoPlayer  (1542 written, 0 failed, 163s)
[1543/1594] OK   addCallback(VideoAdPlayerCallback) in google/ExoPlayer  (1543 written, 0 failed, 164s)
[1544/1594] OK   pauseAd(AdMediaInfo) in google/ExoPlayer  (1544 written, 0 failed, 164s)
[1545/1594] OK   onPlayerError(ExoPlaybackException) in google/ExoPlayer  (1545 written, 0 failed, 164s)
[1546/1594] OK   stopAd(AdMediaInfo) in google/ExoPlayer  (1546 written, 0 failed, 164s)
[1547/1594] OK   AdInfo(int,int) in google/ExoPlayer  (1547 written, 0 failed, 164s)
[1548/1594] OK   getImaLooper() in google/ExoPlayer  (1548 written, 0 failed, 164s)
[1549/1594] OK   playAd(AdMediaInfo) in google/ExoPlayer  (1549 written, 0 failed, 164s)
[1550/1594] OK   buildForAdsResponse(String) in google/ExoPlayer  (1550 written, 0 failed, 164s)
[1551/1594] OK   createAdsRequest() in google/ExoPlayer  (1551 written, 0 failed, 164s)
[1552/1594] OK   pauseAd(AdMediaInfo) in google/ExoPlayer  (1552 written, 0 failed, 164s)
[1553/1594] OK   ImaAdsLoader(Context,Uri) in google/ExoPlayer  (1553 written, 0 failed, 164s)
[1554/1594] OK   setMediaLoadTimeoutMs(int) in google/ExoPlayer  (1554 written, 0 failed, 165s)
[1555/1594] OK   resetInternal(boolean,boolean,boolean,boolean,boolean) in google/ExoPlayer  (1555 written, 0 failed, 165s)
[1556/1594] OK   stop(boolean) in google/ExoPlayer  (1556 written, 0 failed, 165s)
[1557/1594] OK   sendMessage(PlayerMessage) in google/ExoPlayer  (1557 written, 0 failed, 165s)
[1558/1594] OK   release() in google/ExoPlayer  (1558 written, 0 failed, 165s)
[1559/1594] OK   onPlaylistUpdateRequested() in google/ExoPlayer  (1559 written, 0 failed, 165s)
[1560/1594] OK   createTimeline() in google/ExoPlayer  (1560 written, 0 failed, 165s)
[1561/1594] OK   decode(ParsableByteArray) in google/ExoPlayer  (1561 written, 0 failed, 165s)
[1562/1594] OK   decode(MetadataInputBuffer) in google/ExoPlayer  (1562 written, 0 failed, 165s)
[1563/1594] OK   decode(ParsableByteArray) in google/ExoPlayer  (1563 written, 0 failed, 165s)
[1564/1594] OK   decode(MetadataInputBuffer) in google/ExoPlayer  (1564 written, 0 failed, 165s)
[1565/1594] OK   getNetworkType(Context) in google/ExoPlayer  (1565 written, 0 failed, 166s)
[1566/1594] OK   parseXsDuration(String) in google/ExoPlayer  (1566 written, 0 failed, 166s)
[1567/1594] OK   sneakyThrow(Throwable) in google/ExoPlayer  (1567 written, 0 failed, 166s)
[1568/1594] OK   getNetworkType(Context) in google/ExoPlayer  (1568 written, 0 failed, 166s)
[1569/1594] OK   render(long,long) in google/ExoPlayer  (1569 written, 0 failed, 166s)
[1570/1594] OK   onCodecInitialized(String,long,long) in google/ExoPlayer  (1570 written, 0 failed, 166s)
[1571/1594] OK   copyWithFallbackException(DecoderInitializationException) in google/ExoPlayer  (1571 written, 0 failed, 166s)
[1572/1594] OK   onCreate(Bundle) in google/ExoPlayer  (1572 written, 0 failed, 166s)
[1573/1594] OK   onClick(View) in google/ExoPlayer  (1573 written, 0 failed, 166s)
[1574/1594] OK   onCreate(Bundle) in google/ExoPlayer  (1574 written, 0 failed, 167s)
[1575/1594] OK   getItemCount() in google/ExoPlayer  (1575 written, 0 failed, 167s)
[1576/1594] OK   onQueuePositionChanged(int,int) in google/ExoPlayer  (1576 written, 0 failed, 167s)
[1577/1594] OK   run() in google/ExoPlayer  (1577 written, 0 failed, 167s)
[1578/1594] OK   createEGLContext(EGLDisplay,EGLConfig,int) in google/ExoPlayer  (1578 written, 0 failed, 167s)
[1579/1594] OK   generateTextureIds(int[]) in google/ExoPlayer  (1579 written, 0 failed, 167s)
[1580/1594] OK   decode() in google/ExoPlayer  (1580 written, 0 failed, 167s)
[1581/1594] OK   maybeNotifyDecodeLoop() in google/ExoPlayer  (1581 written, 0 failed, 167s)
[1582/1594] OK   flush() in google/ExoPlayer  (1582 written, 0 failed, 167s)
[1583/1594] OK   decode(byte[],int,boolean) in google/ExoPlayer  (1583 written, 0 failed, 167s)
[1584/1594] OK   Tx3gDecoder() in google/ExoPlayer  (1584 written, 0 failed, 167s)
[1585/1594] OK   resetInternal() in google/ExoPlayer  (1585 written, 0 failed, 168s)
[1586/1594] OK   sendMessagesInternal(ExoPlayerMessage[]) in google/ExoPlayer  (1586 written, 0 failed, 168s)
[1587/1594] OK   getDuration() in google/ExoPlayer  (1587 written, 0 failed, 168s)
[1588/1594] OK   parse(InputStream) in google/ExoPlayer  (1588 written, 0 failed, 168s)
[1589/1594] OK   canParse(String) in google/ExoPlayer  (1589 written, 0 failed, 168s)
[1590/1594] OK   convertTimestampToZone(Timestamp,ZoneId,ZoneId,boolean) in apache/hive  (1590 written, 0 failed, 168s)
[1591/1594] OK   parseOrNull(String,ZoneId) in apache/hive  (1591 written, 0 failed, 168s)
[1592/1594] OK   convertTimestampToZone(Timestamp,ZoneId,ZoneId) in apache/hive  (1592 written, 0 failed, 168s)
[1593/1594] OK   alterTable(IMetaStoreClient,String,String,Table,Map<String,String>) in apache/hive  (1593 written, 0 failed, 168s)
[1594/1594] OK   alterTable(IMetaStoreClient,String,String,Table) in apache/hive  (1594 written, 0 failed, 168s)

done. wrote 1594 entries to /home/lichenxu/java_exception/java_exception/baselines/Neurex/neurex_raw_output.json, 0 failed.
next step: python ../seeker/refill.py /home/lichenxu/java_exception/java_exception/baselines/Neurex/neurex_raw_output.json  (or the project's refill entrypoint)
